<?xml version="1.0" encoding="UTF-8"?>
<?xml-stylesheet type="text/xsl" href="MeasDataCollection.xsl"?>
<measCollecFile>
	<fileHeader fileFormatVersion="3GPP_PM_32.435_XML_v11.0.0">
		<fileSender/>
		<measCollec beginTime="2023-11-19T10:00:00+02:00"/>
	</fileHeader>
	<measData>
		<managedElement localDn="ZONE_ID=dc1"/>
<measInfo>
 			<job jobId="COMMON.ENTITY[SP][sp.3][dc1]48059_AS.SESSION"/>
			<granPeriod duration="PT900S" endTime="2023-11-19T10:15:00+02:00"/>
			<repPeriod duration="PT900S"/>
			<measType p="0">AS_SESSION_AS_SESSION_GET_AVG_RESPONSE_TIME_PER_APP.app_0</measType>
			<measType p="1">AS_SESSION_AS_SESSION_GET_AVG_RESPONSE_TIME_PER_APP.app_1</measType>
			<measType p="2">AS_SESSION_AS_SESSION_GET_AVG_RESPONSE_TIME_PER_APP.app_2</measType>
			<measType p="3">AS_SESSION_AS_SESSION_GET_AVG_RESPONSE_TIME_PER_APP.app_3</measType>
			<measType p="4">AS_SESSION_AS_SESSION_GET_AVG_RESPONSE_TIME_PER_APP.app_4</measType>
			<measType p="5">AS_SESSION_AS_SESSION_GET_AVG_RESPONSE_TIME_PER_APP.app_5</measType>
			<measType p="6">AS_SESSION_AS_SESSION_GET_AVG_RESPONSE_TIME_PER_SP.sp_3</measType>
			<measType p="7">AS_SESSION_AS_SESSION_GET_SUCCESSFUL_RATE_PER_APP.app_0</measType>
			<measType p="8">AS_SESSION_AS_SESSION_GET_SUCCESSFUL_RATE_PER_APP.app_1</measType>
			<measType p="9">AS_SESSION_AS_SESSION_GET_SUCCESSFUL_RATE_PER_APP.app_2</measType>
			<measType p="10">AS_SESSION_AS_SESSION_GET_SUCCESSFUL_RATE_PER_APP.app_3</measType>
			<measType p="11">AS_SESSION_AS_SESSION_GET_SUCCESSFUL_RATE_PER_APP.app_4</measType>
			<measType p="12">AS_SESSION_AS_SESSION_GET_SUCCESSFUL_RATE_PER_APP.app_5</measType>
			<measType p="13">AS_SESSION_AS_SESSION_GET_SUCCESSFUL_RATE_PER_SP.sp_3</measType>
			<measType p="14">AS_SESSION_AS_SESSION_GET_TOTAL_REQUESTS_PER_APP.app_0</measType>
			<measType p="15">AS_SESSION_AS_SESSION_GET_TOTAL_REQUESTS_PER_APP.app_1</measType>
			<measType p="16">AS_SESSION_AS_SESSION_GET_TOTAL_REQUESTS_PER_APP.app_2</measType>
			<measType p="17">AS_SESSION_AS_SESSION_GET_TOTAL_REQUESTS_PER_APP.app_3</measType>
			<measType p="18">AS_SESSION_AS_SESSION_GET_TOTAL_REQUESTS_PER_APP.app_4</measType>
			<measType p="19">AS_SESSION_AS_SESSION_GET_TOTAL_REQUESTS_PER_APP.app_5</measType>
			<measType p="20">AS_SESSION_AS_SESSION_GET_TOTAL_REQUESTS_PER_SP.sp_3</measType>
			<measType p="21">AS_SESSION_AS_SESSION_GET_TPS_PER_APP.app_0</measType>
			<measType p="22">AS_SESSION_AS_SESSION_GET_TPS_PER_APP.app_1</measType>
			<measType p="23">AS_SESSION_AS_SESSION_GET_TPS_PER_APP.app_2</measType>
			<measType p="24">AS_SESSION_AS_SESSION_GET_TPS_PER_APP.app_3</measType>
			<measType p="25">AS_SESSION_AS_SESSION_GET_TPS_PER_APP.app_4</measType>
			<measType p="26">AS_SESSION_AS_SESSION_GET_TPS_PER_APP.app_5</measType>
			<measType p="27">AS_SESSION_AS_SESSION_GET_TPS_PER_SP.sp_3</measType>
			<measType p="28">AS_SESSION_AS_SESSION_INIT_AVG_RESPONSE_TIME_PER_APP.app_0</measType>
			<measType p="29">AS_SESSION_AS_SESSION_INIT_AVG_RESPONSE_TIME_PER_APP.app_1</measType>
			<measType p="30">AS_SESSION_AS_SESSION_INIT_AVG_RESPONSE_TIME_PER_APP.app_2</measType>
			<measType p="31">AS_SESSION_AS_SESSION_INIT_AVG_RESPONSE_TIME_PER_APP.app_3</measType>
			<measType p="32">AS_SESSION_AS_SESSION_INIT_AVG_RESPONSE_TIME_PER_APP.app_4</measType>
			<measType p="33">AS_SESSION_AS_SESSION_INIT_AVG_RESPONSE_TIME_PER_APP.app_5</measType>
			<measType p="34">AS_SESSION_AS_SESSION_INIT_AVG_RESPONSE_TIME_PER_SP.sp_3</measType>
			<measType p="35">AS_SESSION_AS_SESSION_INIT_SUCCESSFUL_RATE_PER_APP.app_0</measType>
			<measType p="36">AS_SESSION_AS_SESSION_INIT_SUCCESSFUL_RATE_PER_APP.app_1</measType>
			<measType p="37">AS_SESSION_AS_SESSION_INIT_SUCCESSFUL_RATE_PER_APP.app_2</measType>
			<measType p="38">AS_SESSION_AS_SESSION_INIT_SUCCESSFUL_RATE_PER_APP.app_3</measType>
			<measType p="39">AS_SESSION_AS_SESSION_INIT_SUCCESSFUL_RATE_PER_APP.app_4</measType>
			<measType p="40">AS_SESSION_AS_SESSION_INIT_SUCCESSFUL_RATE_PER_APP.app_5</measType>
			<measType p="41">AS_SESSION_AS_SESSION_INIT_SUCCESSFUL_RATE_PER_SP.sp_3</measType>
			<measType p="42">AS_SESSION_AS_SESSION_INIT_TOTAL_REQUESTS_PER_APP.app_0</measType>
			<measType p="43">AS_SESSION_AS_SESSION_INIT_TOTAL_REQUESTS_PER_APP.app_1</measType>
			<measType p="44">AS_SESSION_AS_SESSION_INIT_TOTAL_REQUESTS_PER_APP.app_2</measType>
			<measType p="45">AS_SESSION_AS_SESSION_INIT_TOTAL_REQUESTS_PER_APP.app_3</measType>
			<measType p="46">AS_SESSION_AS_SESSION_INIT_TOTAL_REQUESTS_PER_APP.app_4</measType>
			<measType p="47">AS_SESSION_AS_SESSION_INIT_TOTAL_REQUESTS_PER_APP.app_5</measType>
			<measType p="48">AS_SESSION_AS_SESSION_INIT_TOTAL_REQUESTS_PER_SP.sp_3</measType>
			<measType p="49">AS_SESSION_AS_SESSION_INIT_TPS_PER_APP.app_0</measType>
			<measType p="50">AS_SESSION_AS_SESSION_INIT_TPS_PER_APP.app_1</measType>
			<measType p="51">AS_SESSION_AS_SESSION_INIT_TPS_PER_APP.app_2</measType>
			<measType p="52">AS_SESSION_AS_SESSION_INIT_TPS_PER_APP.app_3</measType>
			<measType p="53">AS_SESSION_AS_SESSION_INIT_TPS_PER_APP.app_4</measType>
			<measType p="54">AS_SESSION_AS_SESSION_INIT_TPS_PER_APP.app_5</measType>
			<measType p="55">AS_SESSION_AS_SESSION_INIT_TPS_PER_SP.sp_3</measType>
			<measType p="56">AS_SESSION_AS_SESSION_NOTIFY_AVG_RESPONSE_TIME_PER_APP.app_0</measType>
			<measType p="57">AS_SESSION_AS_SESSION_NOTIFY_AVG_RESPONSE_TIME_PER_APP.app_1</measType>
			<measType p="58">AS_SESSION_AS_SESSION_NOTIFY_AVG_RESPONSE_TIME_PER_APP.app_2</measType>
			<measType p="59">AS_SESSION_AS_SESSION_NOTIFY_AVG_RESPONSE_TIME_PER_APP.app_3</measType>
			<measType p="60">AS_SESSION_AS_SESSION_NOTIFY_AVG_RESPONSE_TIME_PER_APP.app_4</measType>
			<measType p="61">AS_SESSION_AS_SESSION_NOTIFY_AVG_RESPONSE_TIME_PER_APP.app_5</measType>
			<measType p="62">AS_SESSION_AS_SESSION_NOTIFY_AVG_RESPONSE_TIME_PER_SP.sp_3</measType>
			<measType p="63">AS_SESSION_AS_SESSION_NOTIFY_SUCCESSFUL_RATE_PER_APP.app_0</measType>
			<measType p="64">AS_SESSION_AS_SESSION_NOTIFY_SUCCESSFUL_RATE_PER_APP.app_1</measType>
			<measType p="65">AS_SESSION_AS_SESSION_NOTIFY_SUCCESSFUL_RATE_PER_APP.app_2</measType>
			<measType p="66">AS_SESSION_AS_SESSION_NOTIFY_SUCCESSFUL_RATE_PER_APP.app_3</measType>
			<measType p="67">AS_SESSION_AS_SESSION_NOTIFY_SUCCESSFUL_RATE_PER_APP.app_4</measType>
			<measType p="68">AS_SESSION_AS_SESSION_NOTIFY_SUCCESSFUL_RATE_PER_APP.app_5</measType>
			<measType p="69">AS_SESSION_AS_SESSION_NOTIFY_SUCCESSFUL_RATE_PER_SP.sp_3</measType>
			<measType p="70">AS_SESSION_AS_SESSION_NOTIFY_TOTAL_REQUESTS_PER_APP.app_0</measType>
			<measType p="71">AS_SESSION_AS_SESSION_NOTIFY_TOTAL_REQUESTS_PER_APP.app_1</measType>
			<measType p="72">AS_SESSION_AS_SESSION_NOTIFY_TOTAL_REQUESTS_PER_APP.app_2</measType>
			<measType p="73">AS_SESSION_AS_SESSION_NOTIFY_TOTAL_REQUESTS_PER_APP.app_3</measType>
			<measType p="74">AS_SESSION_AS_SESSION_NOTIFY_TOTAL_REQUESTS_PER_APP.app_4</measType>
			<measType p="75">AS_SESSION_AS_SESSION_NOTIFY_TOTAL_REQUESTS_PER_APP.app_5</measType>
			<measType p="76">AS_SESSION_AS_SESSION_NOTIFY_TOTAL_REQUESTS_PER_SP.sp_3</measType>
			<measType p="77">AS_SESSION_AS_SESSION_NOTIFY_TPS_PER_APP.app_0</measType>
			<measType p="78">AS_SESSION_AS_SESSION_NOTIFY_TPS_PER_APP.app_1</measType>
			<measType p="79">AS_SESSION_AS_SESSION_NOTIFY_TPS_PER_APP.app_2</measType>
			<measType p="80">AS_SESSION_AS_SESSION_NOTIFY_TPS_PER_APP.app_3</measType>
			<measType p="81">AS_SESSION_AS_SESSION_NOTIFY_TPS_PER_APP.app_4</measType>
			<measType p="82">AS_SESSION_AS_SESSION_NOTIFY_TPS_PER_APP.app_5</measType>
			<measType p="83">AS_SESSION_AS_SESSION_NOTIFY_TPS_PER_SP.sp_3</measType>
			<measType p="84">AS_SESSION_AS_SESSION_REMOVE_AVG_RESPONSE_TIME_PER_APP.app_0</measType>
			<measType p="85">AS_SESSION_AS_SESSION_REMOVE_AVG_RESPONSE_TIME_PER_APP.app_1</measType>
			<measType p="86">AS_SESSION_AS_SESSION_REMOVE_AVG_RESPONSE_TIME_PER_APP.app_2</measType>
			<measType p="87">AS_SESSION_AS_SESSION_REMOVE_AVG_RESPONSE_TIME_PER_APP.app_3</measType>
			<measType p="88">AS_SESSION_AS_SESSION_REMOVE_AVG_RESPONSE_TIME_PER_APP.app_4</measType>
			<measType p="89">AS_SESSION_AS_SESSION_REMOVE_AVG_RESPONSE_TIME_PER_APP.app_5</measType>
			<measType p="90">AS_SESSION_AS_SESSION_REMOVE_AVG_RESPONSE_TIME_PER_SP.sp_3</measType>
			<measType p="91">AS_SESSION_AS_SESSION_REMOVE_SUCCESSFUL_RATE_PER_APP.app_0</measType>
			<measType p="92">AS_SESSION_AS_SESSION_REMOVE_SUCCESSFUL_RATE_PER_APP.app_1</measType>
			<measType p="93">AS_SESSION_AS_SESSION_REMOVE_SUCCESSFUL_RATE_PER_APP.app_2</measType>
			<measType p="94">AS_SESSION_AS_SESSION_REMOVE_SUCCESSFUL_RATE_PER_APP.app_3</measType>
			<measType p="95">AS_SESSION_AS_SESSION_REMOVE_SUCCESSFUL_RATE_PER_APP.app_4</measType>
			<measType p="96">AS_SESSION_AS_SESSION_REMOVE_SUCCESSFUL_RATE_PER_APP.app_5</measType>
			<measType p="97">AS_SESSION_AS_SESSION_REMOVE_SUCCESSFUL_RATE_PER_SP.sp_3</measType>
			<measType p="98">AS_SESSION_AS_SESSION_REMOVE_TOTAL_REQUESTS_PER_APP.app_0</measType>
			<measType p="99">AS_SESSION_AS_SESSION_REMOVE_TOTAL_REQUESTS_PER_APP.app_1</measType>
			<measType p="100">AS_SESSION_AS_SESSION_REMOVE_TOTAL_REQUESTS_PER_APP.app_2</measType>
			<measType p="101">AS_SESSION_AS_SESSION_REMOVE_TOTAL_REQUESTS_PER_APP.app_3</measType>
			<measType p="102">AS_SESSION_AS_SESSION_REMOVE_TOTAL_REQUESTS_PER_APP.app_4</measType>
			<measType p="103">AS_SESSION_AS_SESSION_REMOVE_TOTAL_REQUESTS_PER_APP.app_5</measType>
			<measType p="104">AS_SESSION_AS_SESSION_REMOVE_TOTAL_REQUESTS_PER_SP.sp_3</measType>
			<measType p="105">AS_SESSION_AS_SESSION_REMOVE_TPS_PER_APP.app_0</measType>
			<measType p="106">AS_SESSION_AS_SESSION_REMOVE_TPS_PER_APP.app_1</measType>
			<measType p="107">AS_SESSION_AS_SESSION_REMOVE_TPS_PER_APP.app_2</measType>
			<measType p="108">AS_SESSION_AS_SESSION_REMOVE_TPS_PER_APP.app_3</measType>
			<measType p="109">AS_SESSION_AS_SESSION_REMOVE_TPS_PER_APP.app_4</measType>
			<measType p="110">AS_SESSION_AS_SESSION_REMOVE_TPS_PER_APP.app_5</measType>
			<measType p="111">AS_SESSION_AS_SESSION_REMOVE_TPS_PER_SP.sp_3</measType>
			<measType p="112">AS_SESSION_AS_SESSION_UPDATE_AVG_RESPONSE_TIME_PER_APP.app_0</measType>
			<measType p="113">AS_SESSION_AS_SESSION_UPDATE_AVG_RESPONSE_TIME_PER_APP.app_1</measType>
			<measType p="114">AS_SESSION_AS_SESSION_UPDATE_AVG_RESPONSE_TIME_PER_APP.app_2</measType>
			<measType p="115">AS_SESSION_AS_SESSION_UPDATE_AVG_RESPONSE_TIME_PER_APP.app_3</measType>
			<measType p="116">AS_SESSION_AS_SESSION_UPDATE_AVG_RESPONSE_TIME_PER_APP.app_4</measType>
			<measType p="117">AS_SESSION_AS_SESSION_UPDATE_AVG_RESPONSE_TIME_PER_APP.app_5</measType>
			<measType p="118">AS_SESSION_AS_SESSION_UPDATE_AVG_RESPONSE_TIME_PER_SP.sp_3</measType>
			<measType p="119">AS_SESSION_AS_SESSION_UPDATE_SUCCESSFUL_RATE_PER_APP.app_0</measType>
			<measType p="120">AS_SESSION_AS_SESSION_UPDATE_SUCCESSFUL_RATE_PER_APP.app_1</measType>
			<measType p="121">AS_SESSION_AS_SESSION_UPDATE_SUCCESSFUL_RATE_PER_APP.app_2</measType>
			<measType p="122">AS_SESSION_AS_SESSION_UPDATE_SUCCESSFUL_RATE_PER_APP.app_3</measType>
			<measType p="123">AS_SESSION_AS_SESSION_UPDATE_SUCCESSFUL_RATE_PER_APP.app_4</measType>
			<measType p="124">AS_SESSION_AS_SESSION_UPDATE_SUCCESSFUL_RATE_PER_APP.app_5</measType>
			<measType p="125">AS_SESSION_AS_SESSION_UPDATE_SUCCESSFUL_RATE_PER_SP.sp_3</measType>
			<measType p="126">AS_SESSION_AS_SESSION_UPDATE_TOTAL_REQUESTS_PER_APP.app_0</measType>
			<measType p="127">AS_SESSION_AS_SESSION_UPDATE_TOTAL_REQUESTS_PER_APP.app_1</measType>
			<measType p="128">AS_SESSION_AS_SESSION_UPDATE_TOTAL_REQUESTS_PER_APP.app_2</measType>
			<measType p="129">AS_SESSION_AS_SESSION_UPDATE_TOTAL_REQUESTS_PER_APP.app_3</measType>
			<measType p="130">AS_SESSION_AS_SESSION_UPDATE_TOTAL_REQUESTS_PER_APP.app_4</measType>
			<measType p="131">AS_SESSION_AS_SESSION_UPDATE_TOTAL_REQUESTS_PER_APP.app_5</measType>
			<measType p="132">AS_SESSION_AS_SESSION_UPDATE_TOTAL_REQUESTS_PER_SP.sp_3</measType>
			<measType p="133">AS_SESSION_AS_SESSION_UPDATE_TPS_PER_APP.app_0</measType>
			<measType p="134">AS_SESSION_AS_SESSION_UPDATE_TPS_PER_APP.app_1</measType>
			<measType p="135">AS_SESSION_AS_SESSION_UPDATE_TPS_PER_APP.app_2</measType>
			<measType p="136">AS_SESSION_AS_SESSION_UPDATE_TPS_PER_APP.app_3</measType>
			<measType p="137">AS_SESSION_AS_SESSION_UPDATE_TPS_PER_APP.app_4</measType>
			<measType p="138">AS_SESSION_AS_SESSION_UPDATE_TPS_PER_APP.app_5</measType>
			<measType p="139">AS_SESSION_AS_SESSION_UPDATE_TPS_PER_SP.sp_3</measType>
			<measValue measObjLdn="">
				<r p="0">55</r>
				<r p="1">48</r>
				<r p="2">87</r>
				<r p="3">85</r>
				<r p="4">20</r>
				<r p="5">61</r>
				<r p="6">58</r>
				<r p="7">16</r>
				<r p="8">28</r>
				<r p="9">60</r>
				<r p="10">78</r>
				<r p="11">59</r>
				<r p="12">33</r>
				<r p="13">33</r>
				<r p="14">81</r>
				<r p="15">53</r>
				<r p="16">34</r>
				<r p="17">82</r>
				<r p="18">67</r>
				<r p="19">94</r>
				<r p="20">80</r>
				<r p="21">90</r>
				<r p="22">21</r>
				<r p="23">33</r>
				<r p="24">72</r>
				<r p="25">90</r>
				<r p="26">7</r>
				<r p="27">60</r>
				<r p="28">23</r>
				<r p="29">71</r>
				<r p="30">15</r>
				<r p="31">21</r>
				<r p="32">93</r>
				<r p="33">17</r>
				<r p="34">41</r>
				<r p="35">5</r>
				<r p="36">63</r>
				<r p="37">74</r>
				<r p="38">84</r>
				<r p="39">94</r>
				<r p="40">2</r>
				<r p="41">59</r>
				<r p="42">53</r>
				<r p="43">10</r>
				<r p="44">36</r>
				<r p="45">54</r>
				<r p="46">67</r>
				<r p="47">42</r>
				<r p="48">85</r>
				<r p="49">44</r>
				<r p="50">67</r>
				<r p="51">8</r>
				<r p="52">47</r>
				<r p="53">0</r>
				<r p="54">47</r>
				<r p="55">6</r>
				<r p="56">27</r>
				<r p="57">7</r>
				<r p="58">42</r>
				<r p="59">57</r>
				<r p="60">71</r>
				<r p="61">39</r>
				<r p="62">27</r>
				<r p="63">80</r>
				<r p="64">47</r>
				<r p="65">9</r>
				<r p="66">15</r>
				<r p="67">58</r>
				<r p="68">3</r>
				<r p="69">16</r>
				<r p="70">25</r>
				<r p="71">51</r>
				<r p="72">48</r>
				<r p="73">70</r>
				<r p="74">0</r>
				<r p="75">46</r>
				<r p="76">36</r>
				<r p="77">32</r>
				<r p="78">86</r>
				<r p="79">57</r>
				<r p="80">97</r>
				<r p="81">22</r>
				<r p="82">24</r>
				<r p="83">17</r>
				<r p="84">8</r>
				<r p="85">64</r>
				<r p="86">44</r>
				<r p="87">5</r>
				<r p="88">36</r>
				<r p="89">0</r>
				<r p="90">77</r>
				<r p="91">62</r>
				<r p="92">42</r>
				<r p="93">88</r>
				<r p="94">84</r>
				<r p="95">47</r>
				<r p="96">18</r>
				<r p="97">11</r>
				<r p="98">97</r>
				<r p="99">18</r>
				<r p="100">53</r>
				<r p="101">66</r>
				<r p="102">68</r>
				<r p="103">32</r>
				<r p="104">22</r>
				<r p="105">66</r>
				<r p="106">22</r>
				<r p="107">55</r>
				<r p="108">31</r>
				<r p="109">94</r>
				<r p="110">41</r>
				<r p="111">67</r>
				<r p="112">63</r>
				<r p="113">66</r>
				<r p="114">76</r>
				<r p="115">57</r>
				<r p="116">89</r>
				<r p="117">8</r>
				<r p="118">32</r>
				<r p="119">73</r>
				<r p="120">37</r>
				<r p="121">61</r>
				<r p="122">71</r>
				<r p="123">85</r>
				<r p="124">59</r>
				<r p="125">84</r>
				<r p="126">3</r>
				<r p="127">96</r>
				<r p="128">40</r>
				<r p="129">36</r>
				<r p="130">53</r>
				<r p="131">10</r>
				<r p="132">65</r>
				<r p="133">99</r>
				<r p="134">23</r>
				<r p="135">17</r>
				<r p="136">59</r>
				<r p="137">89</r>
				<r p="138">98</r>
				<r p="139">49</r>
			</measValue>
		</measInfo>
	</measData>
	<fileFooter>
		<measCollec endTime="2023-11-19T10:15:00+02:00"/>
	</fileFooter>
</measCollecFile>