<?xml version="1.0" encoding="UTF-8"?>
<?xml-stylesheet type="text/xsl" href="MeasDataCollection.xsl"?>
<measCollecFile>
	<fileHeader fileFormatVersion="3GPP_PM_32.435_XML_v11.0.0">
		<fileSender/>
		<measCollec beginTime="2023-11-19T10:00:00+02:00"/>
	</fileHeader>
	<measData>
		<managedElement localDn="ZONE_ID=dc1"/>
<measInfo>
 			<job jobId="COMMON.ENTITY[SC][AS.SESSION][dc1]21595_AS.SESSION"/>
			<granPeriod duration="PT900S" endTime="2023-11-19T10:15:00+02:00"/>
			<repPeriod duration="PT900S"/>
			<measType p="0">AS_SESSION_AS_SESSION_GET_AVG_RESPONSE_TIME_PER_SC.AS_SESSION</measType>
			<measType p="1">AS_SESSION_AS_SESSION_GET_SUCCESSFUL_RATE_PER_SC.AS_SESSION</measType>
			<measType p="2">AS_SESSION_AS_SESSION_GET_TOTAL_REQUESTS_PER_SC.AS_SESSION</measType>
			<measType p="3">AS_SESSION_AS_SESSION_GET_TPS_PER_SC.AS_SESSION</measType>
			<measType p="4">AS_SESSION_AS_SESSION_INIT_AVG_RESPONSE_TIME_PER_SC.AS_SESSION</measType>
			<measType p="5">AS_SESSION_AS_SESSION_INIT_SUCCESSFUL_RATE_PER_SC.AS_SESSION</measType>
			<measType p="6">AS_SESSION_AS_SESSION_INIT_TOTAL_REQUESTS_PER_SC.AS_SESSION</measType>
			<measType p="7">AS_SESSION_AS_SESSION_INIT_TPS_PER_SC.AS_SESSION</measType>
			<measType p="8">AS_SESSION_AS_SESSION_NOTIFY_AVG_RESPONSE_TIME_PER_SC.AS_SESSION</measType>
			<measType p="9">AS_SESSION_AS_SESSION_NOTIFY_SUCCESSFUL_RATE_PER_SC.AS_SESSION</measType>
			<measType p="10">AS_SESSION_AS_SESSION_NOTIFY_TOTAL_REQUESTS_PER_SC.AS_SESSION</measType>
			<measType p="11">AS_SESSION_AS_SESSION_NOTIFY_TPS_PER_SC.AS_SESSION</measType>
			<measType p="12">AS_SESSION_AS_SESSION_REMOVE_AVG_RESPONSE_TIME_PER_SC.AS_SESSION</measType>
			<measType p="13">AS_SESSION_AS_SESSION_REMOVE_SUCCESSFUL_RATE_PER_SC.AS_SESSION</measType>
			<measType p="14">AS_SESSION_AS_SESSION_REMOVE_TOTAL_REQUESTS_PER_SC.AS_SESSION</measType>
			<measType p="15">AS_SESSION_AS_SESSION_REMOVE_TPS_PER_SC.AS_SESSION</measType>
			<measType p="16">AS_SESSION_AS_SESSION_UPDATE_AVG_RESPONSE_TIME_PER_SC.AS_SESSION</measType>
			<measType p="17">AS_SESSION_AS_SESSION_UPDATE_SUCCESSFUL_RATE_PER_SC.AS_SESSION</measType>
			<measType p="18">AS_SESSION_AS_SESSION_UPDATE_TOTAL_REQUESTS_PER_SC.AS_SESSION</measType>
			<measType p="19">AS_SESSION_AS_SESSION_UPDATE_TPS_PER_SC.AS_SESSION</measType>
			<measValue measObjLdn="">
				<r p="0">5</r>
				<r p="1">59</r>
				<r p="2">98</r>
				<r p="3">25</r>
				<r p="4">56</r>
				<r p="5">39</r>
				<r p="6">27</r>
				<r p="7">60</r>
				<r p="8">22</r>
				<r p="9">71</r>
				<r p="10">42</r>
				<r p="11">32</r>
				<r p="12">42</r>
				<r p="13">31</r>
				<r p="14">71</r>
				<r p="15">47</r>
				<r p="16">77</r>
				<r p="17">54</r>
				<r p="18">49</r>
				<r p="19">17</r>
			</measValue>
		</measInfo>
	</measData>
	<fileFooter>
		<measCollec endTime="2023-11-19T10:15:00+02:00"/>
	</fileFooter>
</measCollecFile>