<?xml version="1.0" encoding="UTF-8"?>
<?xml-stylesheet type="text/xsl" href="MeasDataCollection.xsl"?>
<measCollecFile>
	<fileHeader fileFormatVersion="3GPP_PM_32.435_XML_v11.0.0">
		<fileSender/>
		<measCollec beginTime="2023-11-19T10:00:00+02:00"/>
	</fileHeader>
	<measData>
		<managedElement localDn="ZONE_ID=dc1"/>
<measInfo>
 			<job jobId="COMMON.ENTITY[SP][sp.4][dc1]104247_AS.SESSION"/>
			<granPeriod duration="PT900S" endTime="2023-11-19T10:15:00+02:00"/>
			<repPeriod duration="PT900S"/>
			<measType p="0">AS_SESSION_AS_SESSION_GET_AVG_RESPONSE_TIME_PER_APP.app_0</measType>
			<measType p="1">AS_SESSION_AS_SESSION_GET_AVG_RESPONSE_TIME_PER_APP.app_1</measType>
			<measType p="2">AS_SESSION_AS_SESSION_GET_AVG_RESPONSE_TIME_PER_APP.app_2</measType>
			<measType p="3">AS_SESSION_AS_SESSION_GET_AVG_RESPONSE_TIME_PER_APP.app_3</measType>
			<measType p="4">AS_SESSION_AS_SESSION_GET_AVG_RESPONSE_TIME_PER_APP.app_4</measType>
			<measType p="5">AS_SESSION_AS_SESSION_GET_AVG_RESPONSE_TIME_PER_APP.app_5</measType>
			<measType p="6">AS_SESSION_AS_SESSION_GET_AVG_RESPONSE_TIME_PER_SP.sp_4</measType>
			<measType p="7">AS_SESSION_AS_SESSION_GET_SUCCESSFUL_RATE_PER_APP.app_0</measType>
			<measType p="8">AS_SESSION_AS_SESSION_GET_SUCCESSFUL_RATE_PER_APP.app_1</measType>
			<measType p="9">AS_SESSION_AS_SESSION_GET_SUCCESSFUL_RATE_PER_APP.app_2</measType>
			<measType p="10">AS_SESSION_AS_SESSION_GET_SUCCESSFUL_RATE_PER_APP.app_3</measType>
			<measType p="11">AS_SESSION_AS_SESSION_GET_SUCCESSFUL_RATE_PER_APP.app_4</measType>
			<measType p="12">AS_SESSION_AS_SESSION_GET_SUCCESSFUL_RATE_PER_APP.app_5</measType>
			<measType p="13">AS_SESSION_AS_SESSION_GET_SUCCESSFUL_RATE_PER_SP.sp_4</measType>
			<measType p="14">AS_SESSION_AS_SESSION_GET_TOTAL_REQUESTS_PER_APP.app_0</measType>
			<measType p="15">AS_SESSION_AS_SESSION_GET_TOTAL_REQUESTS_PER_APP.app_1</measType>
			<measType p="16">AS_SESSION_AS_SESSION_GET_TOTAL_REQUESTS_PER_APP.app_2</measType>
			<measType p="17">AS_SESSION_AS_SESSION_GET_TOTAL_REQUESTS_PER_APP.app_3</measType>
			<measType p="18">AS_SESSION_AS_SESSION_GET_TOTAL_REQUESTS_PER_APP.app_4</measType>
			<measType p="19">AS_SESSION_AS_SESSION_GET_TOTAL_REQUESTS_PER_APP.app_5</measType>
			<measType p="20">AS_SESSION_AS_SESSION_GET_TOTAL_REQUESTS_PER_SP.sp_4</measType>
			<measType p="21">AS_SESSION_AS_SESSION_GET_TPS_PER_APP.app_0</measType>
			<measType p="22">AS_SESSION_AS_SESSION_GET_TPS_PER_APP.app_1</measType>
			<measType p="23">AS_SESSION_AS_SESSION_GET_TPS_PER_APP.app_2</measType>
			<measType p="24">AS_SESSION_AS_SESSION_GET_TPS_PER_APP.app_3</measType>
			<measType p="25">AS_SESSION_AS_SESSION_GET_TPS_PER_APP.app_4</measType>
			<measType p="26">AS_SESSION_AS_SESSION_GET_TPS_PER_APP.app_5</measType>
			<measType p="27">AS_SESSION_AS_SESSION_GET_TPS_PER_SP.sp_4</measType>
			<measType p="28">AS_SESSION_AS_SESSION_INIT_AVG_RESPONSE_TIME_PER_APP.app_0</measType>
			<measType p="29">AS_SESSION_AS_SESSION_INIT_AVG_RESPONSE_TIME_PER_APP.app_1</measType>
			<measType p="30">AS_SESSION_AS_SESSION_INIT_AVG_RESPONSE_TIME_PER_APP.app_2</measType>
			<measType p="31">AS_SESSION_AS_SESSION_INIT_AVG_RESPONSE_TIME_PER_APP.app_3</measType>
			<measType p="32">AS_SESSION_AS_SESSION_INIT_AVG_RESPONSE_TIME_PER_APP.app_4</measType>
			<measType p="33">AS_SESSION_AS_SESSION_INIT_AVG_RESPONSE_TIME_PER_APP.app_5</measType>
			<measType p="34">AS_SESSION_AS_SESSION_INIT_AVG_RESPONSE_TIME_PER_SP.sp_4</measType>
			<measType p="35">AS_SESSION_AS_SESSION_INIT_SUCCESSFUL_RATE_PER_APP.app_0</measType>
			<measType p="36">AS_SESSION_AS_SESSION_INIT_SUCCESSFUL_RATE_PER_APP.app_1</measType>
			<measType p="37">AS_SESSION_AS_SESSION_INIT_SUCCESSFUL_RATE_PER_APP.app_2</measType>
			<measType p="38">AS_SESSION_AS_SESSION_INIT_SUCCESSFUL_RATE_PER_APP.app_3</measType>
			<measType p="39">AS_SESSION_AS_SESSION_INIT_SUCCESSFUL_RATE_PER_APP.app_4</measType>
			<measType p="40">AS_SESSION_AS_SESSION_INIT_SUCCESSFUL_RATE_PER_APP.app_5</measType>
			<measType p="41">AS_SESSION_AS_SESSION_INIT_SUCCESSFUL_RATE_PER_SP.sp_4</measType>
			<measType p="42">AS_SESSION_AS_SESSION_INIT_TOTAL_REQUESTS_PER_APP.app_0</measType>
			<measType p="43">AS_SESSION_AS_SESSION_INIT_TOTAL_REQUESTS_PER_APP.app_1</measType>
			<measType p="44">AS_SESSION_AS_SESSION_INIT_TOTAL_REQUESTS_PER_APP.app_2</measType>
			<measType p="45">AS_SESSION_AS_SESSION_INIT_TOTAL_REQUESTS_PER_APP.app_3</measType>
			<measType p="46">AS_SESSION_AS_SESSION_INIT_TOTAL_REQUESTS_PER_APP.app_4</measType>
			<measType p="47">AS_SESSION_AS_SESSION_INIT_TOTAL_REQUESTS_PER_APP.app_5</measType>
			<measType p="48">AS_SESSION_AS_SESSION_INIT_TOTAL_REQUESTS_PER_SP.sp_4</measType>
			<measType p="49">AS_SESSION_AS_SESSION_INIT_TPS_PER_APP.app_0</measType>
			<measType p="50">AS_SESSION_AS_SESSION_INIT_TPS_PER_APP.app_1</measType>
			<measType p="51">AS_SESSION_AS_SESSION_INIT_TPS_PER_APP.app_2</measType>
			<measType p="52">AS_SESSION_AS_SESSION_INIT_TPS_PER_APP.app_3</measType>
			<measType p="53">AS_SESSION_AS_SESSION_INIT_TPS_PER_APP.app_4</measType>
			<measType p="54">AS_SESSION_AS_SESSION_INIT_TPS_PER_APP.app_5</measType>
			<measType p="55">AS_SESSION_AS_SESSION_INIT_TPS_PER_SP.sp_4</measType>
			<measType p="56">AS_SESSION_AS_SESSION_NOTIFY_AVG_RESPONSE_TIME_PER_APP.app_0</measType>
			<measType p="57">AS_SESSION_AS_SESSION_NOTIFY_AVG_RESPONSE_TIME_PER_APP.app_1</measType>
			<measType p="58">AS_SESSION_AS_SESSION_NOTIFY_AVG_RESPONSE_TIME_PER_APP.app_2</measType>
			<measType p="59">AS_SESSION_AS_SESSION_NOTIFY_AVG_RESPONSE_TIME_PER_APP.app_3</measType>
			<measType p="60">AS_SESSION_AS_SESSION_NOTIFY_AVG_RESPONSE_TIME_PER_APP.app_4</measType>
			<measType p="61">AS_SESSION_AS_SESSION_NOTIFY_AVG_RESPONSE_TIME_PER_APP.app_5</measType>
			<measType p="62">AS_SESSION_AS_SESSION_NOTIFY_AVG_RESPONSE_TIME_PER_SP.sp_4</measType>
			<measType p="63">AS_SESSION_AS_SESSION_NOTIFY_SUCCESSFUL_RATE_PER_APP.app_0</measType>
			<measType p="64">AS_SESSION_AS_SESSION_NOTIFY_SUCCESSFUL_RATE_PER_APP.app_1</measType>
			<measType p="65">AS_SESSION_AS_SESSION_NOTIFY_SUCCESSFUL_RATE_PER_APP.app_2</measType>
			<measType p="66">AS_SESSION_AS_SESSION_NOTIFY_SUCCESSFUL_RATE_PER_APP.app_3</measType>
			<measType p="67">AS_SESSION_AS_SESSION_NOTIFY_SUCCESSFUL_RATE_PER_APP.app_4</measType>
			<measType p="68">AS_SESSION_AS_SESSION_NOTIFY_SUCCESSFUL_RATE_PER_APP.app_5</measType>
			<measType p="69">AS_SESSION_AS_SESSION_NOTIFY_SUCCESSFUL_RATE_PER_SP.sp_4</measType>
			<measType p="70">AS_SESSION_AS_SESSION_NOTIFY_TOTAL_REQUESTS_PER_APP.app_0</measType>
			<measType p="71">AS_SESSION_AS_SESSION_NOTIFY_TOTAL_REQUESTS_PER_APP.app_1</measType>
			<measType p="72">AS_SESSION_AS_SESSION_NOTIFY_TOTAL_REQUESTS_PER_APP.app_2</measType>
			<measType p="73">AS_SESSION_AS_SESSION_NOTIFY_TOTAL_REQUESTS_PER_APP.app_3</measType>
			<measType p="74">AS_SESSION_AS_SESSION_NOTIFY_TOTAL_REQUESTS_PER_APP.app_4</measType>
			<measType p="75">AS_SESSION_AS_SESSION_NOTIFY_TOTAL_REQUESTS_PER_APP.app_5</measType>
			<measType p="76">AS_SESSION_AS_SESSION_NOTIFY_TOTAL_REQUESTS_PER_SP.sp_4</measType>
			<measType p="77">AS_SESSION_AS_SESSION_NOTIFY_TPS_PER_APP.app_0</measType>
			<measType p="78">AS_SESSION_AS_SESSION_NOTIFY_TPS_PER_APP.app_1</measType>
			<measType p="79">AS_SESSION_AS_SESSION_NOTIFY_TPS_PER_APP.app_2</measType>
			<measType p="80">AS_SESSION_AS_SESSION_NOTIFY_TPS_PER_APP.app_3</measType>
			<measType p="81">AS_SESSION_AS_SESSION_NOTIFY_TPS_PER_APP.app_4</measType>
			<measType p="82">AS_SESSION_AS_SESSION_NOTIFY_TPS_PER_APP.app_5</measType>
			<measType p="83">AS_SESSION_AS_SESSION_NOTIFY_TPS_PER_SP.sp_4</measType>
			<measType p="84">AS_SESSION_AS_SESSION_REMOVE_AVG_RESPONSE_TIME_PER_APP.app_0</measType>
			<measType p="85">AS_SESSION_AS_SESSION_REMOVE_AVG_RESPONSE_TIME_PER_APP.app_1</measType>
			<measType p="86">AS_SESSION_AS_SESSION_REMOVE_AVG_RESPONSE_TIME_PER_APP.app_2</measType>
			<measType p="87">AS_SESSION_AS_SESSION_REMOVE_AVG_RESPONSE_TIME_PER_APP.app_3</measType>
			<measType p="88">AS_SESSION_AS_SESSION_REMOVE_AVG_RESPONSE_TIME_PER_APP.app_4</measType>
			<measType p="89">AS_SESSION_AS_SESSION_REMOVE_AVG_RESPONSE_TIME_PER_APP.app_5</measType>
			<measType p="90">AS_SESSION_AS_SESSION_REMOVE_AVG_RESPONSE_TIME_PER_SP.sp_4</measType>
			<measType p="91">AS_SESSION_AS_SESSION_REMOVE_SUCCESSFUL_RATE_PER_APP.app_0</measType>
			<measType p="92">AS_SESSION_AS_SESSION_REMOVE_SUCCESSFUL_RATE_PER_APP.app_1</measType>
			<measType p="93">AS_SESSION_AS_SESSION_REMOVE_SUCCESSFUL_RATE_PER_APP.app_2</measType>
			<measType p="94">AS_SESSION_AS_SESSION_REMOVE_SUCCESSFUL_RATE_PER_APP.app_3</measType>
			<measType p="95">AS_SESSION_AS_SESSION_REMOVE_SUCCESSFUL_RATE_PER_APP.app_4</measType>
			<measType p="96">AS_SESSION_AS_SESSION_REMOVE_SUCCESSFUL_RATE_PER_APP.app_5</measType>
			<measType p="97">AS_SESSION_AS_SESSION_REMOVE_SUCCESSFUL_RATE_PER_SP.sp_4</measType>
			<measType p="98">AS_SESSION_AS_SESSION_REMOVE_TOTAL_REQUESTS_PER_APP.app_0</measType>
			<measType p="99">AS_SESSION_AS_SESSION_REMOVE_TOTAL_REQUESTS_PER_APP.app_1</measType>
			<measType p="100">AS_SESSION_AS_SESSION_REMOVE_TOTAL_REQUESTS_PER_APP.app_2</measType>
			<measType p="101">AS_SESSION_AS_SESSION_REMOVE_TOTAL_REQUESTS_PER_APP.app_3</measType>
			<measType p="102">AS_SESSION_AS_SESSION_REMOVE_TOTAL_REQUESTS_PER_APP.app_4</measType>
			<measType p="103">AS_SESSION_AS_SESSION_REMOVE_TOTAL_REQUESTS_PER_APP.app_5</measType>
			<measType p="104">AS_SESSION_AS_SESSION_REMOVE_TOTAL_REQUESTS_PER_SP.sp_4</measType>
			<measType p="105">AS_SESSION_AS_SESSION_REMOVE_TPS_PER_APP.app_0</measType>
			<measType p="106">AS_SESSION_AS_SESSION_REMOVE_TPS_PER_APP.app_1</measType>
			<measType p="107">AS_SESSION_AS_SESSION_REMOVE_TPS_PER_APP.app_2</measType>
			<measType p="108">AS_SESSION_AS_SESSION_REMOVE_TPS_PER_APP.app_3</measType>
			<measType p="109">AS_SESSION_AS_SESSION_REMOVE_TPS_PER_APP.app_4</measType>
			<measType p="110">AS_SESSION_AS_SESSION_REMOVE_TPS_PER_APP.app_5</measType>
			<measType p="111">AS_SESSION_AS_SESSION_REMOVE_TPS_PER_SP.sp_4</measType>
			<measType p="112">AS_SESSION_AS_SESSION_UPDATE_AVG_RESPONSE_TIME_PER_APP.app_0</measType>
			<measType p="113">AS_SESSION_AS_SESSION_UPDATE_AVG_RESPONSE_TIME_PER_APP.app_1</measType>
			<measType p="114">AS_SESSION_AS_SESSION_UPDATE_AVG_RESPONSE_TIME_PER_APP.app_2</measType>
			<measType p="115">AS_SESSION_AS_SESSION_UPDATE_AVG_RESPONSE_TIME_PER_APP.app_3</measType>
			<measType p="116">AS_SESSION_AS_SESSION_UPDATE_AVG_RESPONSE_TIME_PER_APP.app_4</measType>
			<measType p="117">AS_SESSION_AS_SESSION_UPDATE_AVG_RESPONSE_TIME_PER_APP.app_5</measType>
			<measType p="118">AS_SESSION_AS_SESSION_UPDATE_AVG_RESPONSE_TIME_PER_SP.sp_4</measType>
			<measType p="119">AS_SESSION_AS_SESSION_UPDATE_SUCCESSFUL_RATE_PER_APP.app_0</measType>
			<measType p="120">AS_SESSION_AS_SESSION_UPDATE_SUCCESSFUL_RATE_PER_APP.app_1</measType>
			<measType p="121">AS_SESSION_AS_SESSION_UPDATE_SUCCESSFUL_RATE_PER_APP.app_2</measType>
			<measType p="122">AS_SESSION_AS_SESSION_UPDATE_SUCCESSFUL_RATE_PER_APP.app_3</measType>
			<measType p="123">AS_SESSION_AS_SESSION_UPDATE_SUCCESSFUL_RATE_PER_APP.app_4</measType>
			<measType p="124">AS_SESSION_AS_SESSION_UPDATE_SUCCESSFUL_RATE_PER_APP.app_5</measType>
			<measType p="125">AS_SESSION_AS_SESSION_UPDATE_SUCCESSFUL_RATE_PER_SP.sp_4</measType>
			<measType p="126">AS_SESSION_AS_SESSION_UPDATE_TOTAL_REQUESTS_PER_APP.app_0</measType>
			<measType p="127">AS_SESSION_AS_SESSION_UPDATE_TOTAL_REQUESTS_PER_APP.app_1</measType>
			<measType p="128">AS_SESSION_AS_SESSION_UPDATE_TOTAL_REQUESTS_PER_APP.app_2</measType>
			<measType p="129">AS_SESSION_AS_SESSION_UPDATE_TOTAL_REQUESTS_PER_APP.app_3</measType>
			<measType p="130">AS_SESSION_AS_SESSION_UPDATE_TOTAL_REQUESTS_PER_APP.app_4</measType>
			<measType p="131">AS_SESSION_AS_SESSION_UPDATE_TOTAL_REQUESTS_PER_APP.app_5</measType>
			<measType p="132">AS_SESSION_AS_SESSION_UPDATE_TOTAL_REQUESTS_PER_SP.sp_4</measType>
			<measType p="133">AS_SESSION_AS_SESSION_UPDATE_TPS_PER_APP.app_0</measType>
			<measType p="134">AS_SESSION_AS_SESSION_UPDATE_TPS_PER_APP.app_1</measType>
			<measType p="135">AS_SESSION_AS_SESSION_UPDATE_TPS_PER_APP.app_2</measType>
			<measType p="136">AS_SESSION_AS_SESSION_UPDATE_TPS_PER_APP.app_3</measType>
			<measType p="137">AS_SESSION_AS_SESSION_UPDATE_TPS_PER_APP.app_4</measType>
			<measType p="138">AS_SESSION_AS_SESSION_UPDATE_TPS_PER_APP.app_5</measType>
			<measType p="139">AS_SESSION_AS_SESSION_UPDATE_TPS_PER_SP.sp_4</measType>
			<measValue measObjLdn="">
				<r p="0">1</r>
				<r p="1">32</r>
				<r p="2">65</r>
				<r p="3">90</r>
				<r p="4">29</r>
				<r p="5">11</r>
				<r p="6">69</r>
				<r p="7">71</r>
				<r p="8">10</r>
				<r p="9">16</r>
				<r p="10">53</r>
				<r p="11">70</r>
				<r p="12">4</r>
				<r p="13">66</r>
				<r p="14">68</r>
				<r p="15">26</r>
				<r p="16">19</r>
				<r p="17">78</r>
				<r p="18">10</r>
				<r p="19">33</r>
				<r p="20">73</r>
				<r p="21">54</r>
				<r p="22">45</r>
				<r p="23">29</r>
				<r p="24">0</r>
				<r p="25">21</r>
				<r p="26">81</r>
				<r p="27">95</r>
				<r p="28">33</r>
				<r p="29">89</r>
				<r p="30">60</r>
				<r p="31">1</r>
				<r p="32">44</r>
				<r p="33">40</r>
				<r p="34">29</r>
				<r p="35">73</r>
				<r p="36">0</r>
				<r p="37">26</r>
				<r p="38">97</r>
				<r p="39">45</r>
				<r p="40">72</r>
				<r p="41">77</r>
				<r p="42">37</r>
				<r p="43">60</r>
				<r p="44">5</r>
				<r p="45">28</r>
				<r p="46">88</r>
				<r p="47">14</r>
				<r p="48">31</r>
				<r p="49">51</r>
				<r p="50">55</r>
				<r p="51">97</r>
				<r p="52">25</r>
				<r p="53">51</r>
				<r p="54">86</r>
				<r p="55">89</r>
				<r p="56">29</r>
				<r p="57">24</r>
				<r p="58">85</r>
				<r p="59">58</r>
				<r p="60">33</r>
				<r p="61">86</r>
				<r p="62">95</r>
				<r p="63">87</r>
				<r p="64">25</r>
				<r p="65">83</r>
				<r p="66">76</r>
				<r p="67">98</r>
				<r p="68">75</r>
				<r p="69">84</r>
				<r p="70">58</r>
				<r p="71">64</r>
				<r p="72">76</r>
				<r p="73">59</r>
				<r p="74">90</r>
				<r p="75">24</r>
				<r p="76">98</r>
				<r p="77">72</r>
				<r p="78">45</r>
				<r p="79">72</r>
				<r p="80">91</r>
				<r p="81">0</r>
				<r p="82">61</r>
				<r p="83">73</r>
				<r p="84">0</r>
				<r p="85">10</r>
				<r p="86">8</r>
				<r p="87">93</r>
				<r p="88">62</r>
				<r p="89">77</r>
				<r p="90">32</r>
				<r p="91">32</r>
				<r p="92">64</r>
				<r p="93">58</r>
				<r p="94">80</r>
				<r p="95">73</r>
				<r p="96">65</r>
				<r p="97">92</r>
				<r p="98">74</r>
				<r p="99">15</r>
				<r p="100">6</r>
				<r p="101">54</r>
				<r p="102">42</r>
				<r p="103">98</r>
				<r p="104">51</r>
				<r p="105">10</r>
				<r p="106">10</r>
				<r p="107">93</r>
				<r p="108">45</r>
				<r p="109">35</r>
				<r p="110">89</r>
				<r p="111">5</r>
				<r p="112">70</r>
				<r p="113">41</r>
				<r p="114">92</r>
				<r p="115">38</r>
				<r p="116">71</r>
				<r p="117">19</r>
				<r p="118">63</r>
				<r p="119">30</r>
				<r p="120">93</r>
				<r p="121">34</r>
				<r p="122">4</r>
				<r p="123">22</r>
				<r p="124">79</r>
				<r p="125">57</r>
				<r p="126">32</r>
				<r p="127">11</r>
				<r p="128">43</r>
				<r p="129">73</r>
				<r p="130">7</r>
				<r p="131">94</r>
				<r p="132">85</r>
				<r p="133">25</r>
				<r p="134">45</r>
				<r p="135">8</r>
				<r p="136">27</r>
				<r p="137">74</r>
				<r p="138">25</r>
				<r p="139">14</r>
			</measValue>
		</measInfo>
	</measData>
	<fileFooter>
		<measCollec endTime="2023-11-19T10:15:00+02:00"/>
	</fileFooter>
</measCollecFile>