<?xml version="1.0" encoding="UTF-8"?>
<?xml-stylesheet type="text/xsl" href="MeasDataCollection.xsl"?>
<measCollecFile>
	<fileHeader fileFormatVersion="3GPP_PM_32.435_XML_v11.0.0">
		<fileSender/>
		<measCollec beginTime="2023-11-19T10:00:00+02:00"/>
	</fileHeader>
	<measData>
		<managedElement localDn="ZONE_ID=dc1"/>
<measInfo>
 			<job jobId="COMMON.ENTITY[SP][sp.0][dc1]94794_AS.SESSION"/>
			<granPeriod duration="PT900S" endTime="2023-11-19T10:15:00+02:00"/>
			<repPeriod duration="PT900S"/>
			<measType p="0">AS_SESSION_AS_SESSION_GET_AVG_RESPONSE_TIME_PER_APP.app_0</measType>
			<measType p="1">AS_SESSION_AS_SESSION_GET_AVG_RESPONSE_TIME_PER_APP.app_1</measType>
			<measType p="2">AS_SESSION_AS_SESSION_GET_AVG_RESPONSE_TIME_PER_APP.app_2</measType>
			<measType p="3">AS_SESSION_AS_SESSION_GET_AVG_RESPONSE_TIME_PER_APP.app_3</measType>
			<measType p="4">AS_SESSION_AS_SESSION_GET_AVG_RESPONSE_TIME_PER_APP.app_4</measType>
			<measType p="5">AS_SESSION_AS_SESSION_GET_AVG_RESPONSE_TIME_PER_APP.app_5</measType>
			<measType p="6">AS_SESSION_AS_SESSION_GET_AVG_RESPONSE_TIME_PER_SP.sp_0</measType>
			<measType p="7">AS_SESSION_AS_SESSION_GET_SUCCESSFUL_RATE_PER_APP.app_0</measType>
			<measType p="8">AS_SESSION_AS_SESSION_GET_SUCCESSFUL_RATE_PER_APP.app_1</measType>
			<measType p="9">AS_SESSION_AS_SESSION_GET_SUCCESSFUL_RATE_PER_APP.app_2</measType>
			<measType p="10">AS_SESSION_AS_SESSION_GET_SUCCESSFUL_RATE_PER_APP.app_3</measType>
			<measType p="11">AS_SESSION_AS_SESSION_GET_SUCCESSFUL_RATE_PER_APP.app_4</measType>
			<measType p="12">AS_SESSION_AS_SESSION_GET_SUCCESSFUL_RATE_PER_APP.app_5</measType>
			<measType p="13">AS_SESSION_AS_SESSION_GET_SUCCESSFUL_RATE_PER_SP.sp_0</measType>
			<measType p="14">AS_SESSION_AS_SESSION_GET_TOTAL_REQUESTS_PER_APP.app_0</measType>
			<measType p="15">AS_SESSION_AS_SESSION_GET_TOTAL_REQUESTS_PER_APP.app_1</measType>
			<measType p="16">AS_SESSION_AS_SESSION_GET_TOTAL_REQUESTS_PER_APP.app_2</measType>
			<measType p="17">AS_SESSION_AS_SESSION_GET_TOTAL_REQUESTS_PER_APP.app_3</measType>
			<measType p="18">AS_SESSION_AS_SESSION_GET_TOTAL_REQUESTS_PER_APP.app_4</measType>
			<measType p="19">AS_SESSION_AS_SESSION_GET_TOTAL_REQUESTS_PER_APP.app_5</measType>
			<measType p="20">AS_SESSION_AS_SESSION_GET_TOTAL_REQUESTS_PER_SP.sp_0</measType>
			<measType p="21">AS_SESSION_AS_SESSION_GET_TPS_PER_APP.app_0</measType>
			<measType p="22">AS_SESSION_AS_SESSION_GET_TPS_PER_APP.app_1</measType>
			<measType p="23">AS_SESSION_AS_SESSION_GET_TPS_PER_APP.app_2</measType>
			<measType p="24">AS_SESSION_AS_SESSION_GET_TPS_PER_APP.app_3</measType>
			<measType p="25">AS_SESSION_AS_SESSION_GET_TPS_PER_APP.app_4</measType>
			<measType p="26">AS_SESSION_AS_SESSION_GET_TPS_PER_APP.app_5</measType>
			<measType p="27">AS_SESSION_AS_SESSION_GET_TPS_PER_SP.sp_0</measType>
			<measType p="28">AS_SESSION_AS_SESSION_INIT_AVG_RESPONSE_TIME_PER_APP.app_0</measType>
			<measType p="29">AS_SESSION_AS_SESSION_INIT_AVG_RESPONSE_TIME_PER_APP.app_1</measType>
			<measType p="30">AS_SESSION_AS_SESSION_INIT_AVG_RESPONSE_TIME_PER_APP.app_2</measType>
			<measType p="31">AS_SESSION_AS_SESSION_INIT_AVG_RESPONSE_TIME_PER_APP.app_3</measType>
			<measType p="32">AS_SESSION_AS_SESSION_INIT_AVG_RESPONSE_TIME_PER_APP.app_4</measType>
			<measType p="33">AS_SESSION_AS_SESSION_INIT_AVG_RESPONSE_TIME_PER_APP.app_5</measType>
			<measType p="34">AS_SESSION_AS_SESSION_INIT_AVG_RESPONSE_TIME_PER_SP.sp_0</measType>
			<measType p="35">AS_SESSION_AS_SESSION_INIT_SUCCESSFUL_RATE_PER_APP.app_0</measType>
			<measType p="36">AS_SESSION_AS_SESSION_INIT_SUCCESSFUL_RATE_PER_APP.app_1</measType>
			<measType p="37">AS_SESSION_AS_SESSION_INIT_SUCCESSFUL_RATE_PER_APP.app_2</measType>
			<measType p="38">AS_SESSION_AS_SESSION_INIT_SUCCESSFUL_RATE_PER_APP.app_3</measType>
			<measType p="39">AS_SESSION_AS_SESSION_INIT_SUCCESSFUL_RATE_PER_APP.app_4</measType>
			<measType p="40">AS_SESSION_AS_SESSION_INIT_SUCCESSFUL_RATE_PER_APP.app_5</measType>
			<measType p="41">AS_SESSION_AS_SESSION_INIT_SUCCESSFUL_RATE_PER_SP.sp_0</measType>
			<measType p="42">AS_SESSION_AS_SESSION_INIT_TOTAL_REQUESTS_PER_APP.app_0</measType>
			<measType p="43">AS_SESSION_AS_SESSION_INIT_TOTAL_REQUESTS_PER_APP.app_1</measType>
			<measType p="44">AS_SESSION_AS_SESSION_INIT_TOTAL_REQUESTS_PER_APP.app_2</measType>
			<measType p="45">AS_SESSION_AS_SESSION_INIT_TOTAL_REQUESTS_PER_APP.app_3</measType>
			<measType p="46">AS_SESSION_AS_SESSION_INIT_TOTAL_REQUESTS_PER_APP.app_4</measType>
			<measType p="47">AS_SESSION_AS_SESSION_INIT_TOTAL_REQUESTS_PER_APP.app_5</measType>
			<measType p="48">AS_SESSION_AS_SESSION_INIT_TOTAL_REQUESTS_PER_SP.sp_0</measType>
			<measType p="49">AS_SESSION_AS_SESSION_INIT_TPS_PER_APP.app_0</measType>
			<measType p="50">AS_SESSION_AS_SESSION_INIT_TPS_PER_APP.app_1</measType>
			<measType p="51">AS_SESSION_AS_SESSION_INIT_TPS_PER_APP.app_2</measType>
			<measType p="52">AS_SESSION_AS_SESSION_INIT_TPS_PER_APP.app_3</measType>
			<measType p="53">AS_SESSION_AS_SESSION_INIT_TPS_PER_APP.app_4</measType>
			<measType p="54">AS_SESSION_AS_SESSION_INIT_TPS_PER_APP.app_5</measType>
			<measType p="55">AS_SESSION_AS_SESSION_INIT_TPS_PER_SP.sp_0</measType>
			<measType p="56">AS_SESSION_AS_SESSION_NOTIFY_AVG_RESPONSE_TIME_PER_APP.app_0</measType>
			<measType p="57">AS_SESSION_AS_SESSION_NOTIFY_AVG_RESPONSE_TIME_PER_APP.app_1</measType>
			<measType p="58">AS_SESSION_AS_SESSION_NOTIFY_AVG_RESPONSE_TIME_PER_APP.app_2</measType>
			<measType p="59">AS_SESSION_AS_SESSION_NOTIFY_AVG_RESPONSE_TIME_PER_APP.app_3</measType>
			<measType p="60">AS_SESSION_AS_SESSION_NOTIFY_AVG_RESPONSE_TIME_PER_APP.app_4</measType>
			<measType p="61">AS_SESSION_AS_SESSION_NOTIFY_AVG_RESPONSE_TIME_PER_APP.app_5</measType>
			<measType p="62">AS_SESSION_AS_SESSION_NOTIFY_AVG_RESPONSE_TIME_PER_SP.sp_0</measType>
			<measType p="63">AS_SESSION_AS_SESSION_NOTIFY_SUCCESSFUL_RATE_PER_APP.app_0</measType>
			<measType p="64">AS_SESSION_AS_SESSION_NOTIFY_SUCCESSFUL_RATE_PER_APP.app_1</measType>
			<measType p="65">AS_SESSION_AS_SESSION_NOTIFY_SUCCESSFUL_RATE_PER_APP.app_2</measType>
			<measType p="66">AS_SESSION_AS_SESSION_NOTIFY_SUCCESSFUL_RATE_PER_APP.app_3</measType>
			<measType p="67">AS_SESSION_AS_SESSION_NOTIFY_SUCCESSFUL_RATE_PER_APP.app_4</measType>
			<measType p="68">AS_SESSION_AS_SESSION_NOTIFY_SUCCESSFUL_RATE_PER_APP.app_5</measType>
			<measType p="69">AS_SESSION_AS_SESSION_NOTIFY_SUCCESSFUL_RATE_PER_SP.sp_0</measType>
			<measType p="70">AS_SESSION_AS_SESSION_NOTIFY_TOTAL_REQUESTS_PER_APP.app_0</measType>
			<measType p="71">AS_SESSION_AS_SESSION_NOTIFY_TOTAL_REQUESTS_PER_APP.app_1</measType>
			<measType p="72">AS_SESSION_AS_SESSION_NOTIFY_TOTAL_REQUESTS_PER_APP.app_2</measType>
			<measType p="73">AS_SESSION_AS_SESSION_NOTIFY_TOTAL_REQUESTS_PER_APP.app_3</measType>
			<measType p="74">AS_SESSION_AS_SESSION_NOTIFY_TOTAL_REQUESTS_PER_APP.app_4</measType>
			<measType p="75">AS_SESSION_AS_SESSION_NOTIFY_TOTAL_REQUESTS_PER_APP.app_5</measType>
			<measType p="76">AS_SESSION_AS_SESSION_NOTIFY_TOTAL_REQUESTS_PER_SP.sp_0</measType>
			<measType p="77">AS_SESSION_AS_SESSION_NOTIFY_TPS_PER_APP.app_0</measType>
			<measType p="78">AS_SESSION_AS_SESSION_NOTIFY_TPS_PER_APP.app_1</measType>
			<measType p="79">AS_SESSION_AS_SESSION_NOTIFY_TPS_PER_APP.app_2</measType>
			<measType p="80">AS_SESSION_AS_SESSION_NOTIFY_TPS_PER_APP.app_3</measType>
			<measType p="81">AS_SESSION_AS_SESSION_NOTIFY_TPS_PER_APP.app_4</measType>
			<measType p="82">AS_SESSION_AS_SESSION_NOTIFY_TPS_PER_APP.app_5</measType>
			<measType p="83">AS_SESSION_AS_SESSION_NOTIFY_TPS_PER_SP.sp_0</measType>
			<measType p="84">AS_SESSION_AS_SESSION_REMOVE_AVG_RESPONSE_TIME_PER_APP.app_0</measType>
			<measType p="85">AS_SESSION_AS_SESSION_REMOVE_AVG_RESPONSE_TIME_PER_APP.app_1</measType>
			<measType p="86">AS_SESSION_AS_SESSION_REMOVE_AVG_RESPONSE_TIME_PER_APP.app_2</measType>
			<measType p="87">AS_SESSION_AS_SESSION_REMOVE_AVG_RESPONSE_TIME_PER_APP.app_3</measType>
			<measType p="88">AS_SESSION_AS_SESSION_REMOVE_AVG_RESPONSE_TIME_PER_APP.app_4</measType>
			<measType p="89">AS_SESSION_AS_SESSION_REMOVE_AVG_RESPONSE_TIME_PER_APP.app_5</measType>
			<measType p="90">AS_SESSION_AS_SESSION_REMOVE_AVG_RESPONSE_TIME_PER_SP.sp_0</measType>
			<measType p="91">AS_SESSION_AS_SESSION_REMOVE_SUCCESSFUL_RATE_PER_APP.app_0</measType>
			<measType p="92">AS_SESSION_AS_SESSION_REMOVE_SUCCESSFUL_RATE_PER_APP.app_1</measType>
			<measType p="93">AS_SESSION_AS_SESSION_REMOVE_SUCCESSFUL_RATE_PER_APP.app_2</measType>
			<measType p="94">AS_SESSION_AS_SESSION_REMOVE_SUCCESSFUL_RATE_PER_APP.app_3</measType>
			<measType p="95">AS_SESSION_AS_SESSION_REMOVE_SUCCESSFUL_RATE_PER_APP.app_4</measType>
			<measType p="96">AS_SESSION_AS_SESSION_REMOVE_SUCCESSFUL_RATE_PER_APP.app_5</measType>
			<measType p="97">AS_SESSION_AS_SESSION_REMOVE_SUCCESSFUL_RATE_PER_SP.sp_0</measType>
			<measType p="98">AS_SESSION_AS_SESSION_REMOVE_TOTAL_REQUESTS_PER_APP.app_0</measType>
			<measType p="99">AS_SESSION_AS_SESSION_REMOVE_TOTAL_REQUESTS_PER_APP.app_1</measType>
			<measType p="100">AS_SESSION_AS_SESSION_REMOVE_TOTAL_REQUESTS_PER_APP.app_2</measType>
			<measType p="101">AS_SESSION_AS_SESSION_REMOVE_TOTAL_REQUESTS_PER_APP.app_3</measType>
			<measType p="102">AS_SESSION_AS_SESSION_REMOVE_TOTAL_REQUESTS_PER_APP.app_4</measType>
			<measType p="103">AS_SESSION_AS_SESSION_REMOVE_TOTAL_REQUESTS_PER_APP.app_5</measType>
			<measType p="104">AS_SESSION_AS_SESSION_REMOVE_TOTAL_REQUESTS_PER_SP.sp_0</measType>
			<measType p="105">AS_SESSION_AS_SESSION_REMOVE_TPS_PER_APP.app_0</measType>
			<measType p="106">AS_SESSION_AS_SESSION_REMOVE_TPS_PER_APP.app_1</measType>
			<measType p="107">AS_SESSION_AS_SESSION_REMOVE_TPS_PER_APP.app_2</measType>
			<measType p="108">AS_SESSION_AS_SESSION_REMOVE_TPS_PER_APP.app_3</measType>
			<measType p="109">AS_SESSION_AS_SESSION_REMOVE_TPS_PER_APP.app_4</measType>
			<measType p="110">AS_SESSION_AS_SESSION_REMOVE_TPS_PER_APP.app_5</measType>
			<measType p="111">AS_SESSION_AS_SESSION_REMOVE_TPS_PER_SP.sp_0</measType>
			<measType p="112">AS_SESSION_AS_SESSION_UPDATE_AVG_RESPONSE_TIME_PER_APP.app_0</measType>
			<measType p="113">AS_SESSION_AS_SESSION_UPDATE_AVG_RESPONSE_TIME_PER_APP.app_1</measType>
			<measType p="114">AS_SESSION_AS_SESSION_UPDATE_AVG_RESPONSE_TIME_PER_APP.app_2</measType>
			<measType p="115">AS_SESSION_AS_SESSION_UPDATE_AVG_RESPONSE_TIME_PER_APP.app_3</measType>
			<measType p="116">AS_SESSION_AS_SESSION_UPDATE_AVG_RESPONSE_TIME_PER_APP.app_4</measType>
			<measType p="117">AS_SESSION_AS_SESSION_UPDATE_AVG_RESPONSE_TIME_PER_APP.app_5</measType>
			<measType p="118">AS_SESSION_AS_SESSION_UPDATE_AVG_RESPONSE_TIME_PER_SP.sp_0</measType>
			<measType p="119">AS_SESSION_AS_SESSION_UPDATE_SUCCESSFUL_RATE_PER_APP.app_0</measType>
			<measType p="120">AS_SESSION_AS_SESSION_UPDATE_SUCCESSFUL_RATE_PER_APP.app_1</measType>
			<measType p="121">AS_SESSION_AS_SESSION_UPDATE_SUCCESSFUL_RATE_PER_APP.app_2</measType>
			<measType p="122">AS_SESSION_AS_SESSION_UPDATE_SUCCESSFUL_RATE_PER_APP.app_3</measType>
			<measType p="123">AS_SESSION_AS_SESSION_UPDATE_SUCCESSFUL_RATE_PER_APP.app_4</measType>
			<measType p="124">AS_SESSION_AS_SESSION_UPDATE_SUCCESSFUL_RATE_PER_APP.app_5</measType>
			<measType p="125">AS_SESSION_AS_SESSION_UPDATE_SUCCESSFUL_RATE_PER_SP.sp_0</measType>
			<measType p="126">AS_SESSION_AS_SESSION_UPDATE_TOTAL_REQUESTS_PER_APP.app_0</measType>
			<measType p="127">AS_SESSION_AS_SESSION_UPDATE_TOTAL_REQUESTS_PER_APP.app_1</measType>
			<measType p="128">AS_SESSION_AS_SESSION_UPDATE_TOTAL_REQUESTS_PER_APP.app_2</measType>
			<measType p="129">AS_SESSION_AS_SESSION_UPDATE_TOTAL_REQUESTS_PER_APP.app_3</measType>
			<measType p="130">AS_SESSION_AS_SESSION_UPDATE_TOTAL_REQUESTS_PER_APP.app_4</measType>
			<measType p="131">AS_SESSION_AS_SESSION_UPDATE_TOTAL_REQUESTS_PER_APP.app_5</measType>
			<measType p="132">AS_SESSION_AS_SESSION_UPDATE_TOTAL_REQUESTS_PER_SP.sp_0</measType>
			<measType p="133">AS_SESSION_AS_SESSION_UPDATE_TPS_PER_APP.app_0</measType>
			<measType p="134">AS_SESSION_AS_SESSION_UPDATE_TPS_PER_APP.app_1</measType>
			<measType p="135">AS_SESSION_AS_SESSION_UPDATE_TPS_PER_APP.app_2</measType>
			<measType p="136">AS_SESSION_AS_SESSION_UPDATE_TPS_PER_APP.app_3</measType>
			<measType p="137">AS_SESSION_AS_SESSION_UPDATE_TPS_PER_APP.app_4</measType>
			<measType p="138">AS_SESSION_AS_SESSION_UPDATE_TPS_PER_APP.app_5</measType>
			<measType p="139">AS_SESSION_AS_SESSION_UPDATE_TPS_PER_SP.sp_0</measType>
			<measValue measObjLdn="">
				<r p="0">91</r>
				<r p="1">73</r>
				<r p="2">11</r>
				<r p="3">73</r>
				<r p="4">59</r>
				<r p="5">74</r>
				<r p="6">73</r>
				<r p="7">34</r>
				<r p="8">77</r>
				<r p="9">22</r>
				<r p="10">12</r>
				<r p="11">33</r>
				<r p="12">73</r>
				<r p="13">79</r>
				<r p="14">2</r>
				<r p="15">80</r>
				<r p="16">29</r>
				<r p="17">34</r>
				<r p="18">30</r>
				<r p="19">19</r>
				<r p="20">38</r>
				<r p="21">3</r>
				<r p="22">81</r>
				<r p="23">81</r>
				<r p="24">65</r>
				<r p="25">77</r>
				<r p="26">21</r>
				<r p="27">73</r>
				<r p="28">84</r>
				<r p="29">23</r>
				<r p="30">8</r>
				<r p="31">45</r>
				<r p="32">16</r>
				<r p="33">11</r>
				<r p="34">90</r>
				<r p="35">75</r>
				<r p="36">8</r>
				<r p="37">5</r>
				<r p="38">65</r>
				<r p="39">52</r>
				<r p="40">38</r>
				<r p="41">6</r>
				<r p="42">21</r>
				<r p="43">6</r>
				<r p="44">78</r>
				<r p="45">37</r>
				<r p="46">62</r>
				<r p="47">36</r>
				<r p="48">74</r>
				<r p="49">76</r>
				<r p="50">21</r>
				<r p="51">3</r>
				<r p="52">67</r>
				<r p="53">12</r>
				<r p="54">25</r>
				<r p="55">95</r>
				<r p="56">8</r>
				<r p="57">32</r>
				<r p="58">82</r>
				<r p="59">92</r>
				<r p="60">87</r>
				<r p="61">18</r>
				<r p="62">48</r>
				<r p="63">11</r>
				<r p="64">53</r>
				<r p="65">4</r>
				<r p="66">14</r>
				<r p="67">84</r>
				<r p="68">41</r>
				<r p="69">56</r>
				<r p="70">80</r>
				<r p="71">93</r>
				<r p="72">21</r>
				<r p="73">85</r>
				<r p="74">37</r>
				<r p="75">37</r>
				<r p="76">98</r>
				<r p="77">71</r>
				<r p="78">42</r>
				<r p="79">64</r>
				<r p="80">7</r>
				<r p="81">68</r>
				<r p="82">18</r>
				<r p="83">48</r>
				<r p="84">95</r>
				<r p="85">88</r>
				<r p="86">69</r>
				<r p="87">35</r>
				<r p="88">60</r>
				<r p="89">15</r>
				<r p="90">84</r>
				<r p="91">26</r>
				<r p="92">88</r>
				<r p="93">83</r>
				<r p="94">32</r>
				<r p="95">72</r>
				<r p="96">30</r>
				<r p="97">63</r>
				<r p="98">67</r>
				<r p="99">34</r>
				<r p="100">19</r>
				<r p="101">26</r>
				<r p="102">93</r>
				<r p="103">30</r>
				<r p="104">30</r>
				<r p="105">49</r>
				<r p="106">43</r>
				<r p="107">31</r>
				<r p="108">76</r>
				<r p="109">74</r>
				<r p="110">87</r>
				<r p="111">1</r>
				<r p="112">14</r>
				<r p="113">20</r>
				<r p="114">80</r>
				<r p="115">41</r>
				<r p="116">48</r>
				<r p="117">12</r>
				<r p="118">36</r>
				<r p="119">26</r>
				<r p="120">98</r>
				<r p="121">61</r>
				<r p="122">8</r>
				<r p="123">20</r>
				<r p="124">20</r>
				<r p="125">60</r>
				<r p="126">43</r>
				<r p="127">43</r>
				<r p="128">63</r>
				<r p="129">45</r>
				<r p="130">75</r>
				<r p="131">18</r>
				<r p="132">50</r>
				<r p="133">0</r>
				<r p="134">22</r>
				<r p="135">82</r>
				<r p="136">5</r>
				<r p="137">99</r>
				<r p="138">47</r>
				<r p="139">36</r>
			</measValue>
		</measInfo>
	</measData>
	<fileFooter>
		<measCollec endTime="2023-11-19T10:15:00+02:00"/>
	</fileFooter>
</measCollecFile>