<?xml version="1.0" encoding="UTF-8"?>
<?xml-stylesheet type="text/xsl" href="MeasDataCollection.xsl"?>
<measCollecFile>
	<fileHeader fileFormatVersion="3GPP_PM_32.435_XML_v11.0.0">
		<fileSender/>
		<measCollec beginTime="2023-11-19T10:00:00+02:00"/>
	</fileHeader>
	<measData>
		<managedElement localDn="ZONE_ID=dc1"/>
<measInfo>
 			<job jobId="COMMON.ENTITY[SP][sp.2][dc1]97707_SCEF.NIDD"/>
			<granPeriod duration="PT900S" endTime="2023-11-19T10:15:00+02:00"/>
			<repPeriod duration="PT900S"/>
			<measType p="0">SCEF_NIDD_IPDD_CONN_AVG_RESPONSE_TIME_PER_APP.app_0</measType>
			<measType p="1">SCEF_NIDD_IPDD_CONN_AVG_RESPONSE_TIME_PER_APP.app_1</measType>
			<measType p="2">SCEF_NIDD_IPDD_CONN_AVG_RESPONSE_TIME_PER_APP.app_2</measType>
			<measType p="3">SCEF_NIDD_IPDD_CONN_AVG_RESPONSE_TIME_PER_APP.app_3</measType>
			<measType p="4">SCEF_NIDD_IPDD_CONN_AVG_RESPONSE_TIME_PER_APP.app_4</measType>
			<measType p="5">SCEF_NIDD_IPDD_CONN_AVG_RESPONSE_TIME_PER_APP.app_5</measType>
			<measType p="6">SCEF_NIDD_IPDD_CONN_AVG_RESPONSE_TIME_PER_SP.sp_2</measType>
			<measType p="7">SCEF_NIDD_IPDD_CONN_SUCCESSFUL_RATE_PER_APP.app_0</measType>
			<measType p="8">SCEF_NIDD_IPDD_CONN_SUCCESSFUL_RATE_PER_APP.app_1</measType>
			<measType p="9">SCEF_NIDD_IPDD_CONN_SUCCESSFUL_RATE_PER_APP.app_2</measType>
			<measType p="10">SCEF_NIDD_IPDD_CONN_SUCCESSFUL_RATE_PER_APP.app_3</measType>
			<measType p="11">SCEF_NIDD_IPDD_CONN_SUCCESSFUL_RATE_PER_APP.app_4</measType>
			<measType p="12">SCEF_NIDD_IPDD_CONN_SUCCESSFUL_RATE_PER_APP.app_5</measType>
			<measType p="13">SCEF_NIDD_IPDD_CONN_SUCCESSFUL_RATE_PER_SP.sp_2</measType>
			<measType p="14">SCEF_NIDD_IPDD_CONN_TOTAL_REQUESTS_PER_APP.app_0</measType>
			<measType p="15">SCEF_NIDD_IPDD_CONN_TOTAL_REQUESTS_PER_APP.app_1</measType>
			<measType p="16">SCEF_NIDD_IPDD_CONN_TOTAL_REQUESTS_PER_APP.app_2</measType>
			<measType p="17">SCEF_NIDD_IPDD_CONN_TOTAL_REQUESTS_PER_APP.app_3</measType>
			<measType p="18">SCEF_NIDD_IPDD_CONN_TOTAL_REQUESTS_PER_APP.app_4</measType>
			<measType p="19">SCEF_NIDD_IPDD_CONN_TOTAL_REQUESTS_PER_APP.app_5</measType>
			<measType p="20">SCEF_NIDD_IPDD_CONN_TOTAL_REQUESTS_PER_SP.sp_2</measType>
			<measType p="21">SCEF_NIDD_IPDD_CONN_TPS_PER_APP.app_0</measType>
			<measType p="22">SCEF_NIDD_IPDD_CONN_TPS_PER_APP.app_1</measType>
			<measType p="23">SCEF_NIDD_IPDD_CONN_TPS_PER_APP.app_2</measType>
			<measType p="24">SCEF_NIDD_IPDD_CONN_TPS_PER_APP.app_3</measType>
			<measType p="25">SCEF_NIDD_IPDD_CONN_TPS_PER_APP.app_4</measType>
			<measType p="26">SCEF_NIDD_IPDD_CONN_TPS_PER_APP.app_5</measType>
			<measType p="27">SCEF_NIDD_IPDD_CONN_TPS_PER_SP.sp_2</measType>
			<measType p="28">SCEF_NIDD_MONTE_CDD_RPT_AVG_RESPONSE_TIME_PER_APP.app_0</measType>
			<measType p="29">SCEF_NIDD_MONTE_CDD_RPT_AVG_RESPONSE_TIME_PER_APP.app_1</measType>
			<measType p="30">SCEF_NIDD_MONTE_CDD_RPT_AVG_RESPONSE_TIME_PER_APP.app_2</measType>
			<measType p="31">SCEF_NIDD_MONTE_CDD_RPT_AVG_RESPONSE_TIME_PER_APP.app_3</measType>
			<measType p="32">SCEF_NIDD_MONTE_CDD_RPT_AVG_RESPONSE_TIME_PER_APP.app_4</measType>
			<measType p="33">SCEF_NIDD_MONTE_CDD_RPT_AVG_RESPONSE_TIME_PER_APP.app_5</measType>
			<measType p="34">SCEF_NIDD_MONTE_CDD_RPT_AVG_RESPONSE_TIME_PER_SP.sp_2</measType>
			<measType p="35">SCEF_NIDD_MONTE_CDD_RPT_SUCCESSFUL_RATE_PER_APP.app_0</measType>
			<measType p="36">SCEF_NIDD_MONTE_CDD_RPT_SUCCESSFUL_RATE_PER_APP.app_1</measType>
			<measType p="37">SCEF_NIDD_MONTE_CDD_RPT_SUCCESSFUL_RATE_PER_APP.app_2</measType>
			<measType p="38">SCEF_NIDD_MONTE_CDD_RPT_SUCCESSFUL_RATE_PER_APP.app_3</measType>
			<measType p="39">SCEF_NIDD_MONTE_CDD_RPT_SUCCESSFUL_RATE_PER_APP.app_4</measType>
			<measType p="40">SCEF_NIDD_MONTE_CDD_RPT_SUCCESSFUL_RATE_PER_APP.app_5</measType>
			<measType p="41">SCEF_NIDD_MONTE_CDD_RPT_SUCCESSFUL_RATE_PER_SP.sp_2</measType>
			<measType p="42">SCEF_NIDD_MONTE_CDD_RPT_TOTAL_REQUESTS_PER_APP.app_0</measType>
			<measType p="43">SCEF_NIDD_MONTE_CDD_RPT_TOTAL_REQUESTS_PER_APP.app_1</measType>
			<measType p="44">SCEF_NIDD_MONTE_CDD_RPT_TOTAL_REQUESTS_PER_APP.app_2</measType>
			<measType p="45">SCEF_NIDD_MONTE_CDD_RPT_TOTAL_REQUESTS_PER_APP.app_3</measType>
			<measType p="46">SCEF_NIDD_MONTE_CDD_RPT_TOTAL_REQUESTS_PER_APP.app_4</measType>
			<measType p="47">SCEF_NIDD_MONTE_CDD_RPT_TOTAL_REQUESTS_PER_APP.app_5</measType>
			<measType p="48">SCEF_NIDD_MONTE_CDD_RPT_TOTAL_REQUESTS_PER_SP.sp_2</measType>
			<measType p="49">SCEF_NIDD_MONTE_CDD_RPT_TPS_PER_APP.app_0</measType>
			<measType p="50">SCEF_NIDD_MONTE_CDD_RPT_TPS_PER_APP.app_1</measType>
			<measType p="51">SCEF_NIDD_MONTE_CDD_RPT_TPS_PER_APP.app_2</measType>
			<measType p="52">SCEF_NIDD_MONTE_CDD_RPT_TPS_PER_APP.app_3</measType>
			<measType p="53">SCEF_NIDD_MONTE_CDD_RPT_TPS_PER_APP.app_4</measType>
			<measType p="54">SCEF_NIDD_MONTE_CDD_RPT_TPS_PER_APP.app_5</measType>
			<measType p="55">SCEF_NIDD_MONTE_CDD_RPT_TPS_PER_SP.sp_2</measType>
			<measType p="56">SCEF_NIDD_NIDD_AUT_AVG_RESPONSE_TIME_PER_APP.app_0</measType>
			<measType p="57">SCEF_NIDD_NIDD_AUT_AVG_RESPONSE_TIME_PER_APP.app_1</measType>
			<measType p="58">SCEF_NIDD_NIDD_AUT_AVG_RESPONSE_TIME_PER_APP.app_2</measType>
			<measType p="59">SCEF_NIDD_NIDD_AUT_AVG_RESPONSE_TIME_PER_APP.app_3</measType>
			<measType p="60">SCEF_NIDD_NIDD_AUT_AVG_RESPONSE_TIME_PER_APP.app_4</measType>
			<measType p="61">SCEF_NIDD_NIDD_AUT_AVG_RESPONSE_TIME_PER_APP.app_5</measType>
			<measType p="62">SCEF_NIDD_NIDD_AUT_AVG_RESPONSE_TIME_PER_SP.sp_2</measType>
			<measType p="63">SCEF_NIDD_NIDD_AUT_SUCCESSFUL_RATE_PER_APP.app_0</measType>
			<measType p="64">SCEF_NIDD_NIDD_AUT_SUCCESSFUL_RATE_PER_APP.app_1</measType>
			<measType p="65">SCEF_NIDD_NIDD_AUT_SUCCESSFUL_RATE_PER_APP.app_2</measType>
			<measType p="66">SCEF_NIDD_NIDD_AUT_SUCCESSFUL_RATE_PER_APP.app_3</measType>
			<measType p="67">SCEF_NIDD_NIDD_AUT_SUCCESSFUL_RATE_PER_APP.app_4</measType>
			<measType p="68">SCEF_NIDD_NIDD_AUT_SUCCESSFUL_RATE_PER_APP.app_5</measType>
			<measType p="69">SCEF_NIDD_NIDD_AUT_SUCCESSFUL_RATE_PER_SP.sp_2</measType>
			<measType p="70">SCEF_NIDD_NIDD_AUT_TOTAL_REQUESTS_PER_APP.app_0</measType>
			<measType p="71">SCEF_NIDD_NIDD_AUT_TOTAL_REQUESTS_PER_APP.app_1</measType>
			<measType p="72">SCEF_NIDD_NIDD_AUT_TOTAL_REQUESTS_PER_APP.app_2</measType>
			<measType p="73">SCEF_NIDD_NIDD_AUT_TOTAL_REQUESTS_PER_APP.app_3</measType>
			<measType p="74">SCEF_NIDD_NIDD_AUT_TOTAL_REQUESTS_PER_APP.app_4</measType>
			<measType p="75">SCEF_NIDD_NIDD_AUT_TOTAL_REQUESTS_PER_APP.app_5</measType>
			<measType p="76">SCEF_NIDD_NIDD_AUT_TOTAL_REQUESTS_PER_SP.sp_2</measType>
			<measType p="77">SCEF_NIDD_NIDD_AUT_TPS_PER_APP.app_0</measType>
			<measType p="78">SCEF_NIDD_NIDD_AUT_TPS_PER_APP.app_1</measType>
			<measType p="79">SCEF_NIDD_NIDD_AUT_TPS_PER_APP.app_2</measType>
			<measType p="80">SCEF_NIDD_NIDD_AUT_TPS_PER_APP.app_3</measType>
			<measType p="81">SCEF_NIDD_NIDD_AUT_TPS_PER_APP.app_4</measType>
			<measType p="82">SCEF_NIDD_NIDD_AUT_TPS_PER_APP.app_5</measType>
			<measType p="83">SCEF_NIDD_NIDD_AUT_TPS_PER_SP.sp_2</measType>
			<measType p="84">SCEF_NIDD_NIDD_CMR_AVG_RESPONSE_TIME_PER_APP.app_0</measType>
			<measType p="85">SCEF_NIDD_NIDD_CMR_AVG_RESPONSE_TIME_PER_APP.app_1</measType>
			<measType p="86">SCEF_NIDD_NIDD_CMR_AVG_RESPONSE_TIME_PER_APP.app_2</measType>
			<measType p="87">SCEF_NIDD_NIDD_CMR_AVG_RESPONSE_TIME_PER_APP.app_3</measType>
			<measType p="88">SCEF_NIDD_NIDD_CMR_AVG_RESPONSE_TIME_PER_APP.app_4</measType>
			<measType p="89">SCEF_NIDD_NIDD_CMR_AVG_RESPONSE_TIME_PER_APP.app_5</measType>
			<measType p="90">SCEF_NIDD_NIDD_CMR_AVG_RESPONSE_TIME_PER_SP.sp_2</measType>
			<measType p="91">SCEF_NIDD_NIDD_CMR_SUCCESSFUL_RATE_PER_APP.app_0</measType>
			<measType p="92">SCEF_NIDD_NIDD_CMR_SUCCESSFUL_RATE_PER_APP.app_1</measType>
			<measType p="93">SCEF_NIDD_NIDD_CMR_SUCCESSFUL_RATE_PER_APP.app_2</measType>
			<measType p="94">SCEF_NIDD_NIDD_CMR_SUCCESSFUL_RATE_PER_APP.app_3</measType>
			<measType p="95">SCEF_NIDD_NIDD_CMR_SUCCESSFUL_RATE_PER_APP.app_4</measType>
			<measType p="96">SCEF_NIDD_NIDD_CMR_SUCCESSFUL_RATE_PER_APP.app_5</measType>
			<measType p="97">SCEF_NIDD_NIDD_CMR_SUCCESSFUL_RATE_PER_SP.sp_2</measType>
			<measType p="98">SCEF_NIDD_NIDD_CMR_TOTAL_REQUESTS_PER_APP.app_0</measType>
			<measType p="99">SCEF_NIDD_NIDD_CMR_TOTAL_REQUESTS_PER_APP.app_1</measType>
			<measType p="100">SCEF_NIDD_NIDD_CMR_TOTAL_REQUESTS_PER_APP.app_2</measType>
			<measType p="101">SCEF_NIDD_NIDD_CMR_TOTAL_REQUESTS_PER_APP.app_3</measType>
			<measType p="102">SCEF_NIDD_NIDD_CMR_TOTAL_REQUESTS_PER_APP.app_4</measType>
			<measType p="103">SCEF_NIDD_NIDD_CMR_TOTAL_REQUESTS_PER_APP.app_5</measType>
			<measType p="104">SCEF_NIDD_NIDD_CMR_TOTAL_REQUESTS_PER_SP.sp_2</measType>
			<measType p="105">SCEF_NIDD_NIDD_CMR_TPS_PER_APP.app_0</measType>
			<measType p="106">SCEF_NIDD_NIDD_CMR_TPS_PER_APP.app_1</measType>
			<measType p="107">SCEF_NIDD_NIDD_CMR_TPS_PER_APP.app_2</measType>
			<measType p="108">SCEF_NIDD_NIDD_CMR_TPS_PER_APP.app_3</measType>
			<measType p="109">SCEF_NIDD_NIDD_CMR_TPS_PER_APP.app_4</measType>
			<measType p="110">SCEF_NIDD_NIDD_CMR_TPS_PER_APP.app_5</measType>
			<measType p="111">SCEF_NIDD_NIDD_CMR_TPS_PER_SP.sp_2</measType>
			<measType p="112">SCEF_NIDD_NIDD_CONFIG_AVG_RESPONSE_TIME_PER_APP.app_0</measType>
			<measType p="113">SCEF_NIDD_NIDD_CONFIG_AVG_RESPONSE_TIME_PER_APP.app_1</measType>
			<measType p="114">SCEF_NIDD_NIDD_CONFIG_AVG_RESPONSE_TIME_PER_APP.app_2</measType>
			<measType p="115">SCEF_NIDD_NIDD_CONFIG_AVG_RESPONSE_TIME_PER_APP.app_3</measType>
			<measType p="116">SCEF_NIDD_NIDD_CONFIG_AVG_RESPONSE_TIME_PER_APP.app_4</measType>
			<measType p="117">SCEF_NIDD_NIDD_CONFIG_AVG_RESPONSE_TIME_PER_APP.app_5</measType>
			<measType p="118">SCEF_NIDD_NIDD_CONFIG_AVG_RESPONSE_TIME_PER_SP.sp_2</measType>
			<measType p="119">SCEF_NIDD_NIDD_CONFIG_SUCCESSFUL_RATE_PER_APP.app_0</measType>
			<measType p="120">SCEF_NIDD_NIDD_CONFIG_SUCCESSFUL_RATE_PER_APP.app_1</measType>
			<measType p="121">SCEF_NIDD_NIDD_CONFIG_SUCCESSFUL_RATE_PER_APP.app_2</measType>
			<measType p="122">SCEF_NIDD_NIDD_CONFIG_SUCCESSFUL_RATE_PER_APP.app_3</measType>
			<measType p="123">SCEF_NIDD_NIDD_CONFIG_SUCCESSFUL_RATE_PER_APP.app_4</measType>
			<measType p="124">SCEF_NIDD_NIDD_CONFIG_SUCCESSFUL_RATE_PER_APP.app_5</measType>
			<measType p="125">SCEF_NIDD_NIDD_CONFIG_SUCCESSFUL_RATE_PER_SP.sp_2</measType>
			<measType p="126">SCEF_NIDD_NIDD_CONFIG_TOTAL_REQUESTS_PER_APP.app_0</measType>
			<measType p="127">SCEF_NIDD_NIDD_CONFIG_TOTAL_REQUESTS_PER_APP.app_1</measType>
			<measType p="128">SCEF_NIDD_NIDD_CONFIG_TOTAL_REQUESTS_PER_APP.app_2</measType>
			<measType p="129">SCEF_NIDD_NIDD_CONFIG_TOTAL_REQUESTS_PER_APP.app_3</measType>
			<measType p="130">SCEF_NIDD_NIDD_CONFIG_TOTAL_REQUESTS_PER_APP.app_4</measType>
			<measType p="131">SCEF_NIDD_NIDD_CONFIG_TOTAL_REQUESTS_PER_APP.app_5</measType>
			<measType p="132">SCEF_NIDD_NIDD_CONFIG_TOTAL_REQUESTS_PER_SP.sp_2</measType>
			<measType p="133">SCEF_NIDD_NIDD_CONFIG_TPS_PER_APP.app_0</measType>
			<measType p="134">SCEF_NIDD_NIDD_CONFIG_TPS_PER_APP.app_1</measType>
			<measType p="135">SCEF_NIDD_NIDD_CONFIG_TPS_PER_APP.app_2</measType>
			<measType p="136">SCEF_NIDD_NIDD_CONFIG_TPS_PER_APP.app_3</measType>
			<measType p="137">SCEF_NIDD_NIDD_CONFIG_TPS_PER_APP.app_4</measType>
			<measType p="138">SCEF_NIDD_NIDD_CONFIG_TPS_PER_APP.app_5</measType>
			<measType p="139">SCEF_NIDD_NIDD_CONFIG_TPS_PER_SP.sp_2</measType>
			<measType p="140">SCEF_NIDD_NIDD_MO_AVG_RESPONSE_TIME_PER_APP.app_0</measType>
			<measType p="141">SCEF_NIDD_NIDD_MO_AVG_RESPONSE_TIME_PER_APP.app_1</measType>
			<measType p="142">SCEF_NIDD_NIDD_MO_AVG_RESPONSE_TIME_PER_APP.app_2</measType>
			<measType p="143">SCEF_NIDD_NIDD_MO_AVG_RESPONSE_TIME_PER_APP.app_3</measType>
			<measType p="144">SCEF_NIDD_NIDD_MO_AVG_RESPONSE_TIME_PER_APP.app_4</measType>
			<measType p="145">SCEF_NIDD_NIDD_MO_AVG_RESPONSE_TIME_PER_APP.app_5</measType>
			<measType p="146">SCEF_NIDD_NIDD_MO_AVG_RESPONSE_TIME_PER_SP.sp_2</measType>
			<measType p="147">SCEF_NIDD_NIDD_MO_SUCCESSFUL_RATE_PER_APP.app_0</measType>
			<measType p="148">SCEF_NIDD_NIDD_MO_SUCCESSFUL_RATE_PER_APP.app_1</measType>
			<measType p="149">SCEF_NIDD_NIDD_MO_SUCCESSFUL_RATE_PER_APP.app_2</measType>
			<measType p="150">SCEF_NIDD_NIDD_MO_SUCCESSFUL_RATE_PER_APP.app_3</measType>
			<measType p="151">SCEF_NIDD_NIDD_MO_SUCCESSFUL_RATE_PER_APP.app_4</measType>
			<measType p="152">SCEF_NIDD_NIDD_MO_SUCCESSFUL_RATE_PER_APP.app_5</measType>
			<measType p="153">SCEF_NIDD_NIDD_MO_SUCCESSFUL_RATE_PER_SP.sp_2</measType>
			<measType p="154">SCEF_NIDD_NIDD_MO_TOTAL_REQUESTS_PER_APP.app_0</measType>
			<measType p="155">SCEF_NIDD_NIDD_MO_TOTAL_REQUESTS_PER_APP.app_1</measType>
			<measType p="156">SCEF_NIDD_NIDD_MO_TOTAL_REQUESTS_PER_APP.app_2</measType>
			<measType p="157">SCEF_NIDD_NIDD_MO_TOTAL_REQUESTS_PER_APP.app_3</measType>
			<measType p="158">SCEF_NIDD_NIDD_MO_TOTAL_REQUESTS_PER_APP.app_4</measType>
			<measType p="159">SCEF_NIDD_NIDD_MO_TOTAL_REQUESTS_PER_APP.app_5</measType>
			<measType p="160">SCEF_NIDD_NIDD_MO_TOTAL_REQUESTS_PER_SP.sp_2</measType>
			<measType p="161">SCEF_NIDD_NIDD_MO_TPS_PER_APP.app_0</measType>
			<measType p="162">SCEF_NIDD_NIDD_MO_TPS_PER_APP.app_1</measType>
			<measType p="163">SCEF_NIDD_NIDD_MO_TPS_PER_APP.app_2</measType>
			<measType p="164">SCEF_NIDD_NIDD_MO_TPS_PER_APP.app_3</measType>
			<measType p="165">SCEF_NIDD_NIDD_MO_TPS_PER_APP.app_4</measType>
			<measType p="166">SCEF_NIDD_NIDD_MO_TPS_PER_APP.app_5</measType>
			<measType p="167">SCEF_NIDD_NIDD_MO_TPS_PER_SP.sp_2</measType>
			<measType p="168">SCEF_NIDD_NIDD_MT_AVG_RESPONSE_TIME_PER_APP.app_0</measType>
			<measType p="169">SCEF_NIDD_NIDD_MT_AVG_RESPONSE_TIME_PER_APP.app_1</measType>
			<measType p="170">SCEF_NIDD_NIDD_MT_AVG_RESPONSE_TIME_PER_APP.app_2</measType>
			<measType p="171">SCEF_NIDD_NIDD_MT_AVG_RESPONSE_TIME_PER_APP.app_3</measType>
			<measType p="172">SCEF_NIDD_NIDD_MT_AVG_RESPONSE_TIME_PER_APP.app_4</measType>
			<measType p="173">SCEF_NIDD_NIDD_MT_AVG_RESPONSE_TIME_PER_APP.app_5</measType>
			<measType p="174">SCEF_NIDD_NIDD_MT_AVG_RESPONSE_TIME_PER_SP.sp_2</measType>
			<measType p="175">SCEF_NIDD_NIDD_MT_SUCCESSFUL_RATE_PER_APP.app_0</measType>
			<measType p="176">SCEF_NIDD_NIDD_MT_SUCCESSFUL_RATE_PER_APP.app_1</measType>
			<measType p="177">SCEF_NIDD_NIDD_MT_SUCCESSFUL_RATE_PER_APP.app_2</measType>
			<measType p="178">SCEF_NIDD_NIDD_MT_SUCCESSFUL_RATE_PER_APP.app_3</measType>
			<measType p="179">SCEF_NIDD_NIDD_MT_SUCCESSFUL_RATE_PER_APP.app_4</measType>
			<measType p="180">SCEF_NIDD_NIDD_MT_SUCCESSFUL_RATE_PER_APP.app_5</measType>
			<measType p="181">SCEF_NIDD_NIDD_MT_SUCCESSFUL_RATE_PER_SP.sp_2</measType>
			<measType p="182">SCEF_NIDD_NIDD_MT_TOTAL_REQUESTS_PER_APP.app_0</measType>
			<measType p="183">SCEF_NIDD_NIDD_MT_TOTAL_REQUESTS_PER_APP.app_1</measType>
			<measType p="184">SCEF_NIDD_NIDD_MT_TOTAL_REQUESTS_PER_APP.app_2</measType>
			<measType p="185">SCEF_NIDD_NIDD_MT_TOTAL_REQUESTS_PER_APP.app_3</measType>
			<measType p="186">SCEF_NIDD_NIDD_MT_TOTAL_REQUESTS_PER_APP.app_4</measType>
			<measType p="187">SCEF_NIDD_NIDD_MT_TOTAL_REQUESTS_PER_APP.app_5</measType>
			<measType p="188">SCEF_NIDD_NIDD_MT_TOTAL_REQUESTS_PER_SP.sp_2</measType>
			<measType p="189">SCEF_NIDD_NIDD_MT_TPS_PER_APP.app_0</measType>
			<measType p="190">SCEF_NIDD_NIDD_MT_TPS_PER_APP.app_1</measType>
			<measType p="191">SCEF_NIDD_NIDD_MT_TPS_PER_APP.app_2</measType>
			<measType p="192">SCEF_NIDD_NIDD_MT_TPS_PER_APP.app_3</measType>
			<measType p="193">SCEF_NIDD_NIDD_MT_TPS_PER_APP.app_4</measType>
			<measType p="194">SCEF_NIDD_NIDD_MT_TPS_PER_APP.app_5</measType>
			<measType p="195">SCEF_NIDD_NIDD_MT_TPS_PER_SP.sp_2</measType>
			<measType p="196">SCEF_NIDD_NIDD_RPT_AVG_RESPONSE_TIME_PER_APP.app_0</measType>
			<measType p="197">SCEF_NIDD_NIDD_RPT_AVG_RESPONSE_TIME_PER_APP.app_1</measType>
			<measType p="198">SCEF_NIDD_NIDD_RPT_AVG_RESPONSE_TIME_PER_APP.app_2</measType>
			<measType p="199">SCEF_NIDD_NIDD_RPT_AVG_RESPONSE_TIME_PER_APP.app_3</measType>
			<measType p="200">SCEF_NIDD_NIDD_RPT_AVG_RESPONSE_TIME_PER_APP.app_4</measType>
			<measType p="201">SCEF_NIDD_NIDD_RPT_AVG_RESPONSE_TIME_PER_APP.app_5</measType>
			<measType p="202">SCEF_NIDD_NIDD_RPT_AVG_RESPONSE_TIME_PER_SP.sp_2</measType>
			<measType p="203">SCEF_NIDD_NIDD_RPT_SUCCESSFUL_RATE_PER_APP.app_0</measType>
			<measType p="204">SCEF_NIDD_NIDD_RPT_SUCCESSFUL_RATE_PER_APP.app_1</measType>
			<measType p="205">SCEF_NIDD_NIDD_RPT_SUCCESSFUL_RATE_PER_APP.app_2</measType>
			<measType p="206">SCEF_NIDD_NIDD_RPT_SUCCESSFUL_RATE_PER_APP.app_3</measType>
			<measType p="207">SCEF_NIDD_NIDD_RPT_SUCCESSFUL_RATE_PER_APP.app_4</measType>
			<measType p="208">SCEF_NIDD_NIDD_RPT_SUCCESSFUL_RATE_PER_APP.app_5</measType>
			<measType p="209">SCEF_NIDD_NIDD_RPT_SUCCESSFUL_RATE_PER_SP.sp_2</measType>
			<measType p="210">SCEF_NIDD_NIDD_RPT_TOTAL_REQUESTS_PER_APP.app_0</measType>
			<measType p="211">SCEF_NIDD_NIDD_RPT_TOTAL_REQUESTS_PER_APP.app_1</measType>
			<measType p="212">SCEF_NIDD_NIDD_RPT_TOTAL_REQUESTS_PER_APP.app_2</measType>
			<measType p="213">SCEF_NIDD_NIDD_RPT_TOTAL_REQUESTS_PER_APP.app_3</measType>
			<measType p="214">SCEF_NIDD_NIDD_RPT_TOTAL_REQUESTS_PER_APP.app_4</measType>
			<measType p="215">SCEF_NIDD_NIDD_RPT_TOTAL_REQUESTS_PER_APP.app_5</measType>
			<measType p="216">SCEF_NIDD_NIDD_RPT_TOTAL_REQUESTS_PER_SP.sp_2</measType>
			<measType p="217">SCEF_NIDD_NIDD_RPT_TPS_PER_APP.app_0</measType>
			<measType p="218">SCEF_NIDD_NIDD_RPT_TPS_PER_APP.app_1</measType>
			<measType p="219">SCEF_NIDD_NIDD_RPT_TPS_PER_APP.app_2</measType>
			<measType p="220">SCEF_NIDD_NIDD_RPT_TPS_PER_APP.app_3</measType>
			<measType p="221">SCEF_NIDD_NIDD_RPT_TPS_PER_APP.app_4</measType>
			<measType p="222">SCEF_NIDD_NIDD_RPT_TPS_PER_APP.app_5</measType>
			<measType p="223">SCEF_NIDD_NIDD_RPT_TPS_PER_SP.sp_2</measType>
			<measType p="224">SCEF_NIDD_SMS_DRN_AVG_RESPONSE_TIME_PER_APP.app_0</measType>
			<measType p="225">SCEF_NIDD_SMS_DRN_AVG_RESPONSE_TIME_PER_APP.app_1</measType>
			<measType p="226">SCEF_NIDD_SMS_DRN_AVG_RESPONSE_TIME_PER_APP.app_2</measType>
			<measType p="227">SCEF_NIDD_SMS_DRN_AVG_RESPONSE_TIME_PER_APP.app_3</measType>
			<measType p="228">SCEF_NIDD_SMS_DRN_AVG_RESPONSE_TIME_PER_APP.app_4</measType>
			<measType p="229">SCEF_NIDD_SMS_DRN_AVG_RESPONSE_TIME_PER_APP.app_5</measType>
			<measType p="230">SCEF_NIDD_SMS_DRN_AVG_RESPONSE_TIME_PER_SP.sp_2</measType>
			<measType p="231">SCEF_NIDD_SMS_DRN_SUCCESSFUL_RATE_PER_APP.app_0</measType>
			<measType p="232">SCEF_NIDD_SMS_DRN_SUCCESSFUL_RATE_PER_APP.app_1</measType>
			<measType p="233">SCEF_NIDD_SMS_DRN_SUCCESSFUL_RATE_PER_APP.app_2</measType>
			<measType p="234">SCEF_NIDD_SMS_DRN_SUCCESSFUL_RATE_PER_APP.app_3</measType>
			<measType p="235">SCEF_NIDD_SMS_DRN_SUCCESSFUL_RATE_PER_APP.app_4</measType>
			<measType p="236">SCEF_NIDD_SMS_DRN_SUCCESSFUL_RATE_PER_APP.app_5</measType>
			<measType p="237">SCEF_NIDD_SMS_DRN_SUCCESSFUL_RATE_PER_SP.sp_2</measType>
			<measType p="238">SCEF_NIDD_SMS_DRN_TOTAL_REQUESTS_PER_APP.app_0</measType>
			<measType p="239">SCEF_NIDD_SMS_DRN_TOTAL_REQUESTS_PER_APP.app_1</measType>
			<measType p="240">SCEF_NIDD_SMS_DRN_TOTAL_REQUESTS_PER_APP.app_2</measType>
			<measType p="241">SCEF_NIDD_SMS_DRN_TOTAL_REQUESTS_PER_APP.app_3</measType>
			<measType p="242">SCEF_NIDD_SMS_DRN_TOTAL_REQUESTS_PER_APP.app_4</measType>
			<measType p="243">SCEF_NIDD_SMS_DRN_TOTAL_REQUESTS_PER_APP.app_5</measType>
			<measType p="244">SCEF_NIDD_SMS_DRN_TOTAL_REQUESTS_PER_SP.sp_2</measType>
			<measType p="245">SCEF_NIDD_SMS_DRN_TPS_PER_APP.app_0</measType>
			<measType p="246">SCEF_NIDD_SMS_DRN_TPS_PER_APP.app_1</measType>
			<measType p="247">SCEF_NIDD_SMS_DRN_TPS_PER_APP.app_2</measType>
			<measType p="248">SCEF_NIDD_SMS_DRN_TPS_PER_APP.app_3</measType>
			<measType p="249">SCEF_NIDD_SMS_DRN_TPS_PER_APP.app_4</measType>
			<measType p="250">SCEF_NIDD_SMS_DRN_TPS_PER_APP.app_5</measType>
			<measType p="251">SCEF_NIDD_SMS_DRN_TPS_PER_SP.sp_2</measType>
			<measValue measObjLdn="">
				<r p="0">86</r>
				<r p="1">70</r>
				<r p="2">46</r>
				<r p="3">58</r>
				<r p="4">37</r>
				<r p="5">74</r>
				<r p="6">25</r>
				<r p="7">85</r>
				<r p="8">54</r>
				<r p="9">3</r>
				<r p="10">67</r>
				<r p="11">47</r>
				<r p="12">76</r>
				<r p="13">2</r>
				<r p="14">12</r>
				<r p="15">16</r>
				<r p="16">72</r>
				<r p="17">26</r>
				<r p="18">2</r>
				<r p="19">6</r>
				<r p="20">55</r>
				<r p="21">70</r>
				<r p="22">76</r>
				<r p="23">8</r>
				<r p="24">4</r>
				<r p="25">5</r>
				<r p="26">32</r>
				<r p="27">34</r>
				<r p="28">48</r>
				<r p="29">41</r>
				<r p="30">83</r>
				<r p="31">82</r>
				<r p="32">13</r>
				<r p="33">89</r>
				<r p="34">13</r>
				<r p="35">39</r>
				<r p="36">24</r>
				<r p="37">46</r>
				<r p="38">88</r>
				<r p="39">67</r>
				<r p="40">29</r>
				<r p="41">96</r>
				<r p="42">72</r>
				<r p="43">93</r>
				<r p="44">5</r>
				<r p="45">90</r>
				<r p="46">46</r>
				<r p="47">85</r>
				<r p="48">70</r>
				<r p="49">86</r>
				<r p="50">20</r>
				<r p="51">55</r>
				<r p="52">52</r>
				<r p="53">94</r>
				<r p="54">92</r>
				<r p="55">23</r>
				<r p="56">13</r>
				<r p="57">11</r>
				<r p="58">15</r>
				<r p="59">7</r>
				<r p="60">77</r>
				<r p="61">59</r>
				<r p="62">83</r>
				<r p="63">52</r>
				<r p="64">37</r>
				<r p="65">53</r>
				<r p="66">74</r>
				<r p="67">76</r>
				<r p="68">21</r>
				<r p="69">81</r>
				<r p="70">47</r>
				<r p="71">67</r>
				<r p="72">75</r>
				<r p="73">77</r>
				<r p="74">99</r>
				<r p="75">18</r>
				<r p="76">57</r>
				<r p="77">61</r>
				<r p="78">0</r>
				<r p="79">54</r>
				<r p="80">51</r>
				<r p="81">72</r>
				<r p="82">84</r>
				<r p="83">94</r>
				<r p="84">81</r>
				<r p="85">93</r>
				<r p="86">25</r>
				<r p="87">5</r>
				<r p="88">93</r>
				<r p="89">50</r>
				<r p="90">9</r>
				<r p="91">70</r>
				<r p="92">23</r>
				<r p="93">8</r>
				<r p="94">12</r>
				<r p="95">47</r>
				<r p="96">45</r>
				<r p="97">23</r>
				<r p="98">46</r>
				<r p="99">18</r>
				<r p="100">94</r>
				<r p="101">13</r>
				<r p="102">10</r>
				<r p="103">56</r>
				<r p="104">6</r>
				<r p="105">89</r>
				<r p="106">25</r>
				<r p="107">90</r>
				<r p="108">24</r>
				<r p="109">64</r>
				<r p="110">55</r>
				<r p="111">54</r>
				<r p="112">96</r>
				<r p="113">85</r>
				<r p="114">34</r>
				<r p="115">2</r>
				<r p="116">88</r>
				<r p="117">51</r>
				<r p="118">46</r>
				<r p="119">35</r>
				<r p="120">13</r>
				<r p="121">0</r>
				<r p="122">57</r>
				<r p="123">55</r>
				<r p="124">3</r>
				<r p="125">85</r>
				<r p="126">98</r>
				<r p="127">51</r>
				<r p="128">11</r>
				<r p="129">47</r>
				<r p="130">77</r>
				<r p="131">67</r>
				<r p="132">58</r>
				<r p="133">11</r>
				<r p="134">5</r>
				<r p="135">56</r>
				<r p="136">54</r>
				<r p="137">30</r>
				<r p="138">87</r>
				<r p="139">0</r>
				<r p="140">97</r>
				<r p="141">5</r>
				<r p="142">72</r>
				<r p="143">2</r>
				<r p="144">97</r>
				<r p="145">78</r>
				<r p="146">92</r>
				<r p="147">3</r>
				<r p="148">75</r>
				<r p="149">10</r>
				<r p="150">9</r>
				<r p="151">14</r>
				<r p="152">0</r>
				<r p="153">19</r>
				<r p="154">97</r>
				<r p="155">11</r>
				<r p="156">62</r>
				<r p="157">20</r>
				<r p="158">97</r>
				<r p="159">0</r>
				<r p="160">88</r>
				<r p="161">1</r>
				<r p="162">9</r>
				<r p="163">69</r>
				<r p="164">46</r>
				<r p="165">31</r>
				<r p="166">66</r>
				<r p="167">85</r>
				<r p="168">8</r>
				<r p="169">9</r>
				<r p="170">7</r>
				<r p="171">58</r>
				<r p="172">83</r>
				<r p="173">7</r>
				<r p="174">40</r>
				<r p="175">48</r>
				<r p="176">47</r>
				<r p="177">23</r>
				<r p="178">44</r>
				<r p="179">66</r>
				<r p="180">78</r>
				<r p="181">33</r>
				<r p="182">59</r>
				<r p="183">14</r>
				<r p="184">99</r>
				<r p="185">12</r>
				<r p="186">95</r>
				<r p="187">13</r>
				<r p="188">7</r>
				<r p="189">49</r>
				<r p="190">54</r>
				<r p="191">48</r>
				<r p="192">19</r>
				<r p="193">70</r>
				<r p="194">69</r>
				<r p="195">21</r>
				<r p="196">98</r>
				<r p="197">91</r>
				<r p="198">54</r>
				<r p="199">16</r>
				<r p="200">89</r>
				<r p="201">25</r>
				<r p="202">34</r>
				<r p="203">9</r>
				<r p="204">56</r>
				<r p="205">91</r>
				<r p="206">55</r>
				<r p="207">41</r>
				<r p="208">72</r>
				<r p="209">88</r>
				<r p="210">35</r>
				<r p="211">29</r>
				<r p="212">72</r>
				<r p="213">94</r>
				<r p="214">59</r>
				<r p="215">58</r>
				<r p="216">52</r>
				<r p="217">21</r>
				<r p="218">3</r>
				<r p="219">87</r>
				<r p="220">70</r>
				<r p="221">4</r>
				<r p="222">86</r>
				<r p="223">42</r>
				<r p="224">75</r>
				<r p="225">38</r>
				<r p="226">81</r>
				<r p="227">14</r>
				<r p="228">80</r>
				<r p="229">73</r>
				<r p="230">0</r>
				<r p="231">69</r>
				<r p="232">36</r>
				<r p="233">70</r>
				<r p="234">18</r>
				<r p="235">77</r>
				<r p="236">26</r>
				<r p="237">82</r>
				<r p="238">12</r>
				<r p="239">30</r>
				<r p="240">78</r>
				<r p="241">56</r>
				<r p="242">2</r>
				<r p="243">49</r>
				<r p="244">95</r>
				<r p="245">89</r>
				<r p="246">48</r>
				<r p="247">18</r>
				<r p="248">4</r>
				<r p="249">45</r>
				<r p="250">40</r>
				<r p="251">72</r>
			</measValue>
		</measInfo>
	</measData>
	<fileFooter>
		<measCollec endTime="2023-11-19T10:15:00+02:00"/>
	</fileFooter>
</measCollecFile>