<?xml version="1.0" encoding="UTF-8"?>
<?xml-stylesheet type="text/xsl" href="MeasDataCollection.xsl"?>
<measCollecFile>
	<fileHeader fileFormatVersion="3GPP_PM_32.435_XML_v11.0.0">
		<fileSender/>
		<measCollec beginTime="2023-11-19T10:00:00+02:00"/>
	</fileHeader>
	<measData>
		<managedElement localDn="ZONE_ID=dc1"/>
<measInfo>
 			<job jobId="COMMON.ENTITY[SP][sp.3][dc1]107273_SCEF.MO.SMS"/>
			<granPeriod duration="PT900S" endTime="2023-11-19T10:15:00+02:00"/>
			<repPeriod duration="PT900S"/>
			<measType p="0">SCEF_MO_SMS_SMS_OFR_AVG_RESPONSE_TIME_PER_APP.app_0</measType>
			<measType p="1">SCEF_MO_SMS_SMS_OFR_AVG_RESPONSE_TIME_PER_APP.app_1</measType>
			<measType p="2">SCEF_MO_SMS_SMS_OFR_AVG_RESPONSE_TIME_PER_APP.app_2</measType>
			<measType p="3">SCEF_MO_SMS_SMS_OFR_AVG_RESPONSE_TIME_PER_APP.app_3</measType>
			<measType p="4">SCEF_MO_SMS_SMS_OFR_AVG_RESPONSE_TIME_PER_APP.app_4</measType>
			<measType p="5">SCEF_MO_SMS_SMS_OFR_AVG_RESPONSE_TIME_PER_APP.app_5</measType>
			<measType p="6">SCEF_MO_SMS_SMS_OFR_AVG_RESPONSE_TIME_PER_SP.sp_3</measType>
			<measType p="7">SCEF_MO_SMS_SMS_OFR_SUCCESSFUL_RATE_PER_APP.app_0</measType>
			<measType p="8">SCEF_MO_SMS_SMS_OFR_SUCCESSFUL_RATE_PER_APP.app_1</measType>
			<measType p="9">SCEF_MO_SMS_SMS_OFR_SUCCESSFUL_RATE_PER_APP.app_2</measType>
			<measType p="10">SCEF_MO_SMS_SMS_OFR_SUCCESSFUL_RATE_PER_APP.app_3</measType>
			<measType p="11">SCEF_MO_SMS_SMS_OFR_SUCCESSFUL_RATE_PER_APP.app_4</measType>
			<measType p="12">SCEF_MO_SMS_SMS_OFR_SUCCESSFUL_RATE_PER_APP.app_5</measType>
			<measType p="13">SCEF_MO_SMS_SMS_OFR_SUCCESSFUL_RATE_PER_SP.sp_3</measType>
			<measType p="14">SCEF_MO_SMS_SMS_OFR_TOTAL_REQUESTS_PER_APP.app_0</measType>
			<measType p="15">SCEF_MO_SMS_SMS_OFR_TOTAL_REQUESTS_PER_APP.app_1</measType>
			<measType p="16">SCEF_MO_SMS_SMS_OFR_TOTAL_REQUESTS_PER_APP.app_2</measType>
			<measType p="17">SCEF_MO_SMS_SMS_OFR_TOTAL_REQUESTS_PER_APP.app_3</measType>
			<measType p="18">SCEF_MO_SMS_SMS_OFR_TOTAL_REQUESTS_PER_APP.app_4</measType>
			<measType p="19">SCEF_MO_SMS_SMS_OFR_TOTAL_REQUESTS_PER_APP.app_5</measType>
			<measType p="20">SCEF_MO_SMS_SMS_OFR_TOTAL_REQUESTS_PER_SP.sp_3</measType>
			<measType p="21">SCEF_MO_SMS_SMS_OFR_TPS_PER_APP.app_0</measType>
			<measType p="22">SCEF_MO_SMS_SMS_OFR_TPS_PER_APP.app_1</measType>
			<measType p="23">SCEF_MO_SMS_SMS_OFR_TPS_PER_APP.app_2</measType>
			<measType p="24">SCEF_MO_SMS_SMS_OFR_TPS_PER_APP.app_3</measType>
			<measType p="25">SCEF_MO_SMS_SMS_OFR_TPS_PER_APP.app_4</measType>
			<measType p="26">SCEF_MO_SMS_SMS_OFR_TPS_PER_APP.app_5</measType>
			<measType p="27">SCEF_MO_SMS_SMS_OFR_TPS_PER_SP.sp_3</measType>
			<measValue measObjLdn="">
				<r p="0">53</r>
				<r p="1">8</r>
				<r p="2">47</r>
				<r p="3">55</r>
				<r p="4">76</r>
				<r p="5">33</r>
				<r p="6">1</r>
				<r p="7">56</r>
				<r p="8">35</r>
				<r p="9">52</r>
				<r p="10">61</r>
				<r p="11">87</r>
				<r p="12">36</r>
				<r p="13">31</r>
				<r p="14">40</r>
				<r p="15">64</r>
				<r p="16">6</r>
				<r p="17">72</r>
				<r p="18">37</r>
				<r p="19">76</r>
				<r p="20">21</r>
				<r p="21">40</r>
				<r p="22">71</r>
				<r p="23">11</r>
				<r p="24">52</r>
				<r p="25">25</r>
				<r p="26">23</r>
				<r p="27">24</r>
			</measValue>
		</measInfo>
	</measData>
	<fileFooter>
		<measCollec endTime="2023-11-19T10:15:00+02:00"/>
	</fileFooter>
</measCollecFile>