<?xml version="1.0" encoding="UTF-8"?>
<?xml-stylesheet type="text/xsl" href="MeasDataCollection.xsl"?>
<measCollecFile>
	<fileHeader fileFormatVersion="3GPP_PM_32.435_XML_v11.0.0">
		<fileSender/>
		<measCollec beginTime="2023-11-19T10:00:00+02:00"/>
	</fileHeader>
	<measData>
		<managedElement localDn="ZONE_ID=dc1"/>
<measInfo>
 			<job jobId="COMMON.ENTITY[SP][sp.2][dc1]28803_SCEF.QOS"/>
			<granPeriod duration="PT900S" endTime="2023-11-19T10:15:00+02:00"/>
			<repPeriod duration="PT900S"/>
			<measType p="0">SCEF_QOS_AS_SESSION_GET_AVG_RESPONSE_TIME_PER_APP.app_0</measType>
			<measType p="1">SCEF_QOS_AS_SESSION_GET_AVG_RESPONSE_TIME_PER_APP.app_1</measType>
			<measType p="2">SCEF_QOS_AS_SESSION_GET_AVG_RESPONSE_TIME_PER_APP.app_2</measType>
			<measType p="3">SCEF_QOS_AS_SESSION_GET_AVG_RESPONSE_TIME_PER_APP.app_3</measType>
			<measType p="4">SCEF_QOS_AS_SESSION_GET_AVG_RESPONSE_TIME_PER_APP.app_4</measType>
			<measType p="5">SCEF_QOS_AS_SESSION_GET_AVG_RESPONSE_TIME_PER_APP.app_5</measType>
			<measType p="6">SCEF_QOS_AS_SESSION_GET_AVG_RESPONSE_TIME_PER_SP.sp_2</measType>
			<measType p="7">SCEF_QOS_AS_SESSION_GET_SUCCESSFUL_RATE_PER_APP.app_0</measType>
			<measType p="8">SCEF_QOS_AS_SESSION_GET_SUCCESSFUL_RATE_PER_APP.app_1</measType>
			<measType p="9">SCEF_QOS_AS_SESSION_GET_SUCCESSFUL_RATE_PER_APP.app_2</measType>
			<measType p="10">SCEF_QOS_AS_SESSION_GET_SUCCESSFUL_RATE_PER_APP.app_3</measType>
			<measType p="11">SCEF_QOS_AS_SESSION_GET_SUCCESSFUL_RATE_PER_APP.app_4</measType>
			<measType p="12">SCEF_QOS_AS_SESSION_GET_SUCCESSFUL_RATE_PER_APP.app_5</measType>
			<measType p="13">SCEF_QOS_AS_SESSION_GET_SUCCESSFUL_RATE_PER_SP.sp_2</measType>
			<measType p="14">SCEF_QOS_AS_SESSION_GET_TOTAL_REQUESTS_PER_APP.app_0</measType>
			<measType p="15">SCEF_QOS_AS_SESSION_GET_TOTAL_REQUESTS_PER_APP.app_1</measType>
			<measType p="16">SCEF_QOS_AS_SESSION_GET_TOTAL_REQUESTS_PER_APP.app_2</measType>
			<measType p="17">SCEF_QOS_AS_SESSION_GET_TOTAL_REQUESTS_PER_APP.app_3</measType>
			<measType p="18">SCEF_QOS_AS_SESSION_GET_TOTAL_REQUESTS_PER_APP.app_4</measType>
			<measType p="19">SCEF_QOS_AS_SESSION_GET_TOTAL_REQUESTS_PER_APP.app_5</measType>
			<measType p="20">SCEF_QOS_AS_SESSION_GET_TOTAL_REQUESTS_PER_SP.sp_2</measType>
			<measType p="21">SCEF_QOS_AS_SESSION_GET_TPS_PER_APP.app_0</measType>
			<measType p="22">SCEF_QOS_AS_SESSION_GET_TPS_PER_APP.app_1</measType>
			<measType p="23">SCEF_QOS_AS_SESSION_GET_TPS_PER_APP.app_2</measType>
			<measType p="24">SCEF_QOS_AS_SESSION_GET_TPS_PER_APP.app_3</measType>
			<measType p="25">SCEF_QOS_AS_SESSION_GET_TPS_PER_APP.app_4</measType>
			<measType p="26">SCEF_QOS_AS_SESSION_GET_TPS_PER_APP.app_5</measType>
			<measType p="27">SCEF_QOS_AS_SESSION_GET_TPS_PER_SP.sp_2</measType>
			<measType p="28">SCEF_QOS_AS_SESSION_INIT_AVG_RESPONSE_TIME_PER_APP.app_0</measType>
			<measType p="29">SCEF_QOS_AS_SESSION_INIT_AVG_RESPONSE_TIME_PER_APP.app_1</measType>
			<measType p="30">SCEF_QOS_AS_SESSION_INIT_AVG_RESPONSE_TIME_PER_APP.app_2</measType>
			<measType p="31">SCEF_QOS_AS_SESSION_INIT_AVG_RESPONSE_TIME_PER_APP.app_3</measType>
			<measType p="32">SCEF_QOS_AS_SESSION_INIT_AVG_RESPONSE_TIME_PER_APP.app_4</measType>
			<measType p="33">SCEF_QOS_AS_SESSION_INIT_AVG_RESPONSE_TIME_PER_APP.app_5</measType>
			<measType p="34">SCEF_QOS_AS_SESSION_INIT_AVG_RESPONSE_TIME_PER_SP.sp_2</measType>
			<measType p="35">SCEF_QOS_AS_SESSION_INIT_SUCCESSFUL_RATE_PER_APP.app_0</measType>
			<measType p="36">SCEF_QOS_AS_SESSION_INIT_SUCCESSFUL_RATE_PER_APP.app_1</measType>
			<measType p="37">SCEF_QOS_AS_SESSION_INIT_SUCCESSFUL_RATE_PER_APP.app_2</measType>
			<measType p="38">SCEF_QOS_AS_SESSION_INIT_SUCCESSFUL_RATE_PER_APP.app_3</measType>
			<measType p="39">SCEF_QOS_AS_SESSION_INIT_SUCCESSFUL_RATE_PER_APP.app_4</measType>
			<measType p="40">SCEF_QOS_AS_SESSION_INIT_SUCCESSFUL_RATE_PER_APP.app_5</measType>
			<measType p="41">SCEF_QOS_AS_SESSION_INIT_SUCCESSFUL_RATE_PER_SP.sp_2</measType>
			<measType p="42">SCEF_QOS_AS_SESSION_INIT_TOTAL_REQUESTS_PER_APP.app_0</measType>
			<measType p="43">SCEF_QOS_AS_SESSION_INIT_TOTAL_REQUESTS_PER_APP.app_1</measType>
			<measType p="44">SCEF_QOS_AS_SESSION_INIT_TOTAL_REQUESTS_PER_APP.app_2</measType>
			<measType p="45">SCEF_QOS_AS_SESSION_INIT_TOTAL_REQUESTS_PER_APP.app_3</measType>
			<measType p="46">SCEF_QOS_AS_SESSION_INIT_TOTAL_REQUESTS_PER_APP.app_4</measType>
			<measType p="47">SCEF_QOS_AS_SESSION_INIT_TOTAL_REQUESTS_PER_APP.app_5</measType>
			<measType p="48">SCEF_QOS_AS_SESSION_INIT_TOTAL_REQUESTS_PER_SP.sp_2</measType>
			<measType p="49">SCEF_QOS_AS_SESSION_INIT_TPS_PER_APP.app_0</measType>
			<measType p="50">SCEF_QOS_AS_SESSION_INIT_TPS_PER_APP.app_1</measType>
			<measType p="51">SCEF_QOS_AS_SESSION_INIT_TPS_PER_APP.app_2</measType>
			<measType p="52">SCEF_QOS_AS_SESSION_INIT_TPS_PER_APP.app_3</measType>
			<measType p="53">SCEF_QOS_AS_SESSION_INIT_TPS_PER_APP.app_4</measType>
			<measType p="54">SCEF_QOS_AS_SESSION_INIT_TPS_PER_APP.app_5</measType>
			<measType p="55">SCEF_QOS_AS_SESSION_INIT_TPS_PER_SP.sp_2</measType>
			<measType p="56">SCEF_QOS_AS_SESSION_NOTIFY_AVG_RESPONSE_TIME_PER_APP.app_0</measType>
			<measType p="57">SCEF_QOS_AS_SESSION_NOTIFY_AVG_RESPONSE_TIME_PER_APP.app_1</measType>
			<measType p="58">SCEF_QOS_AS_SESSION_NOTIFY_AVG_RESPONSE_TIME_PER_APP.app_2</measType>
			<measType p="59">SCEF_QOS_AS_SESSION_NOTIFY_AVG_RESPONSE_TIME_PER_APP.app_3</measType>
			<measType p="60">SCEF_QOS_AS_SESSION_NOTIFY_AVG_RESPONSE_TIME_PER_APP.app_4</measType>
			<measType p="61">SCEF_QOS_AS_SESSION_NOTIFY_AVG_RESPONSE_TIME_PER_APP.app_5</measType>
			<measType p="62">SCEF_QOS_AS_SESSION_NOTIFY_AVG_RESPONSE_TIME_PER_SP.sp_2</measType>
			<measType p="63">SCEF_QOS_AS_SESSION_NOTIFY_SUCCESSFUL_RATE_PER_APP.app_0</measType>
			<measType p="64">SCEF_QOS_AS_SESSION_NOTIFY_SUCCESSFUL_RATE_PER_APP.app_1</measType>
			<measType p="65">SCEF_QOS_AS_SESSION_NOTIFY_SUCCESSFUL_RATE_PER_APP.app_2</measType>
			<measType p="66">SCEF_QOS_AS_SESSION_NOTIFY_SUCCESSFUL_RATE_PER_APP.app_3</measType>
			<measType p="67">SCEF_QOS_AS_SESSION_NOTIFY_SUCCESSFUL_RATE_PER_APP.app_4</measType>
			<measType p="68">SCEF_QOS_AS_SESSION_NOTIFY_SUCCESSFUL_RATE_PER_APP.app_5</measType>
			<measType p="69">SCEF_QOS_AS_SESSION_NOTIFY_SUCCESSFUL_RATE_PER_SP.sp_2</measType>
			<measType p="70">SCEF_QOS_AS_SESSION_NOTIFY_TOTAL_REQUESTS_PER_APP.app_0</measType>
			<measType p="71">SCEF_QOS_AS_SESSION_NOTIFY_TOTAL_REQUESTS_PER_APP.app_1</measType>
			<measType p="72">SCEF_QOS_AS_SESSION_NOTIFY_TOTAL_REQUESTS_PER_APP.app_2</measType>
			<measType p="73">SCEF_QOS_AS_SESSION_NOTIFY_TOTAL_REQUESTS_PER_APP.app_3</measType>
			<measType p="74">SCEF_QOS_AS_SESSION_NOTIFY_TOTAL_REQUESTS_PER_APP.app_4</measType>
			<measType p="75">SCEF_QOS_AS_SESSION_NOTIFY_TOTAL_REQUESTS_PER_APP.app_5</measType>
			<measType p="76">SCEF_QOS_AS_SESSION_NOTIFY_TOTAL_REQUESTS_PER_SP.sp_2</measType>
			<measType p="77">SCEF_QOS_AS_SESSION_NOTIFY_TPS_PER_APP.app_0</measType>
			<measType p="78">SCEF_QOS_AS_SESSION_NOTIFY_TPS_PER_APP.app_1</measType>
			<measType p="79">SCEF_QOS_AS_SESSION_NOTIFY_TPS_PER_APP.app_2</measType>
			<measType p="80">SCEF_QOS_AS_SESSION_NOTIFY_TPS_PER_APP.app_3</measType>
			<measType p="81">SCEF_QOS_AS_SESSION_NOTIFY_TPS_PER_APP.app_4</measType>
			<measType p="82">SCEF_QOS_AS_SESSION_NOTIFY_TPS_PER_APP.app_5</measType>
			<measType p="83">SCEF_QOS_AS_SESSION_NOTIFY_TPS_PER_SP.sp_2</measType>
			<measType p="84">SCEF_QOS_AS_SESSION_REMOVE_AVG_RESPONSE_TIME_PER_APP.app_0</measType>
			<measType p="85">SCEF_QOS_AS_SESSION_REMOVE_AVG_RESPONSE_TIME_PER_APP.app_1</measType>
			<measType p="86">SCEF_QOS_AS_SESSION_REMOVE_AVG_RESPONSE_TIME_PER_APP.app_2</measType>
			<measType p="87">SCEF_QOS_AS_SESSION_REMOVE_AVG_RESPONSE_TIME_PER_APP.app_3</measType>
			<measType p="88">SCEF_QOS_AS_SESSION_REMOVE_AVG_RESPONSE_TIME_PER_APP.app_4</measType>
			<measType p="89">SCEF_QOS_AS_SESSION_REMOVE_AVG_RESPONSE_TIME_PER_APP.app_5</measType>
			<measType p="90">SCEF_QOS_AS_SESSION_REMOVE_AVG_RESPONSE_TIME_PER_SP.sp_2</measType>
			<measType p="91">SCEF_QOS_AS_SESSION_REMOVE_SUCCESSFUL_RATE_PER_APP.app_0</measType>
			<measType p="92">SCEF_QOS_AS_SESSION_REMOVE_SUCCESSFUL_RATE_PER_APP.app_1</measType>
			<measType p="93">SCEF_QOS_AS_SESSION_REMOVE_SUCCESSFUL_RATE_PER_APP.app_2</measType>
			<measType p="94">SCEF_QOS_AS_SESSION_REMOVE_SUCCESSFUL_RATE_PER_APP.app_3</measType>
			<measType p="95">SCEF_QOS_AS_SESSION_REMOVE_SUCCESSFUL_RATE_PER_APP.app_4</measType>
			<measType p="96">SCEF_QOS_AS_SESSION_REMOVE_SUCCESSFUL_RATE_PER_APP.app_5</measType>
			<measType p="97">SCEF_QOS_AS_SESSION_REMOVE_SUCCESSFUL_RATE_PER_SP.sp_2</measType>
			<measType p="98">SCEF_QOS_AS_SESSION_REMOVE_TOTAL_REQUESTS_PER_APP.app_0</measType>
			<measType p="99">SCEF_QOS_AS_SESSION_REMOVE_TOTAL_REQUESTS_PER_APP.app_1</measType>
			<measType p="100">SCEF_QOS_AS_SESSION_REMOVE_TOTAL_REQUESTS_PER_APP.app_2</measType>
			<measType p="101">SCEF_QOS_AS_SESSION_REMOVE_TOTAL_REQUESTS_PER_APP.app_3</measType>
			<measType p="102">SCEF_QOS_AS_SESSION_REMOVE_TOTAL_REQUESTS_PER_APP.app_4</measType>
			<measType p="103">SCEF_QOS_AS_SESSION_REMOVE_TOTAL_REQUESTS_PER_APP.app_5</measType>
			<measType p="104">SCEF_QOS_AS_SESSION_REMOVE_TOTAL_REQUESTS_PER_SP.sp_2</measType>
			<measType p="105">SCEF_QOS_AS_SESSION_REMOVE_TPS_PER_APP.app_0</measType>
			<measType p="106">SCEF_QOS_AS_SESSION_REMOVE_TPS_PER_APP.app_1</measType>
			<measType p="107">SCEF_QOS_AS_SESSION_REMOVE_TPS_PER_APP.app_2</measType>
			<measType p="108">SCEF_QOS_AS_SESSION_REMOVE_TPS_PER_APP.app_3</measType>
			<measType p="109">SCEF_QOS_AS_SESSION_REMOVE_TPS_PER_APP.app_4</measType>
			<measType p="110">SCEF_QOS_AS_SESSION_REMOVE_TPS_PER_APP.app_5</measType>
			<measType p="111">SCEF_QOS_AS_SESSION_REMOVE_TPS_PER_SP.sp_2</measType>
			<measType p="112">SCEF_QOS_AS_SESSION_UPDATE_AVG_RESPONSE_TIME_PER_APP.app_0</measType>
			<measType p="113">SCEF_QOS_AS_SESSION_UPDATE_AVG_RESPONSE_TIME_PER_APP.app_1</measType>
			<measType p="114">SCEF_QOS_AS_SESSION_UPDATE_AVG_RESPONSE_TIME_PER_APP.app_2</measType>
			<measType p="115">SCEF_QOS_AS_SESSION_UPDATE_AVG_RESPONSE_TIME_PER_APP.app_3</measType>
			<measType p="116">SCEF_QOS_AS_SESSION_UPDATE_AVG_RESPONSE_TIME_PER_APP.app_4</measType>
			<measType p="117">SCEF_QOS_AS_SESSION_UPDATE_AVG_RESPONSE_TIME_PER_APP.app_5</measType>
			<measType p="118">SCEF_QOS_AS_SESSION_UPDATE_AVG_RESPONSE_TIME_PER_SP.sp_2</measType>
			<measType p="119">SCEF_QOS_AS_SESSION_UPDATE_SUCCESSFUL_RATE_PER_APP.app_0</measType>
			<measType p="120">SCEF_QOS_AS_SESSION_UPDATE_SUCCESSFUL_RATE_PER_APP.app_1</measType>
			<measType p="121">SCEF_QOS_AS_SESSION_UPDATE_SUCCESSFUL_RATE_PER_APP.app_2</measType>
			<measType p="122">SCEF_QOS_AS_SESSION_UPDATE_SUCCESSFUL_RATE_PER_APP.app_3</measType>
			<measType p="123">SCEF_QOS_AS_SESSION_UPDATE_SUCCESSFUL_RATE_PER_APP.app_4</measType>
			<measType p="124">SCEF_QOS_AS_SESSION_UPDATE_SUCCESSFUL_RATE_PER_APP.app_5</measType>
			<measType p="125">SCEF_QOS_AS_SESSION_UPDATE_SUCCESSFUL_RATE_PER_SP.sp_2</measType>
			<measType p="126">SCEF_QOS_AS_SESSION_UPDATE_TOTAL_REQUESTS_PER_APP.app_0</measType>
			<measType p="127">SCEF_QOS_AS_SESSION_UPDATE_TOTAL_REQUESTS_PER_APP.app_1</measType>
			<measType p="128">SCEF_QOS_AS_SESSION_UPDATE_TOTAL_REQUESTS_PER_APP.app_2</measType>
			<measType p="129">SCEF_QOS_AS_SESSION_UPDATE_TOTAL_REQUESTS_PER_APP.app_3</measType>
			<measType p="130">SCEF_QOS_AS_SESSION_UPDATE_TOTAL_REQUESTS_PER_APP.app_4</measType>
			<measType p="131">SCEF_QOS_AS_SESSION_UPDATE_TOTAL_REQUESTS_PER_APP.app_5</measType>
			<measType p="132">SCEF_QOS_AS_SESSION_UPDATE_TOTAL_REQUESTS_PER_SP.sp_2</measType>
			<measType p="133">SCEF_QOS_AS_SESSION_UPDATE_TPS_PER_APP.app_0</measType>
			<measType p="134">SCEF_QOS_AS_SESSION_UPDATE_TPS_PER_APP.app_1</measType>
			<measType p="135">SCEF_QOS_AS_SESSION_UPDATE_TPS_PER_APP.app_2</measType>
			<measType p="136">SCEF_QOS_AS_SESSION_UPDATE_TPS_PER_APP.app_3</measType>
			<measType p="137">SCEF_QOS_AS_SESSION_UPDATE_TPS_PER_APP.app_4</measType>
			<measType p="138">SCEF_QOS_AS_SESSION_UPDATE_TPS_PER_APP.app_5</measType>
			<measType p="139">SCEF_QOS_AS_SESSION_UPDATE_TPS_PER_SP.sp_2</measType>
			<measValue measObjLdn="">
				<r p="0">9</r>
				<r p="1">87</r>
				<r p="2">94</r>
				<r p="3">87</r>
				<r p="4">1</r>
				<r p="5">22</r>
				<r p="6">88</r>
				<r p="7">86</r>
				<r p="8">23</r>
				<r p="9">85</r>
				<r p="10">28</r>
				<r p="11">80</r>
				<r p="12">51</r>
				<r p="13">67</r>
				<r p="14">63</r>
				<r p="15">62</r>
				<r p="16">2</r>
				<r p="17">76</r>
				<r p="18">78</r>
				<r p="19">58</r>
				<r p="20">68</r>
				<r p="21">79</r>
				<r p="22">94</r>
				<r p="23">7</r>
				<r p="24">87</r>
				<r p="25">4</r>
				<r p="26">85</r>
				<r p="27">24</r>
				<r p="28">68</r>
				<r p="29">50</r>
				<r p="30">17</r>
				<r p="31">34</r>
				<r p="32">51</r>
				<r p="33">92</r>
				<r p="34">28</r>
				<r p="35">93</r>
				<r p="36">29</r>
				<r p="37">20</r>
				<r p="38">46</r>
				<r p="39">8</r>
				<r p="40">75</r>
				<r p="41">56</r>
				<r p="42">87</r>
				<r p="43">24</r>
				<r p="44">14</r>
				<r p="45">45</r>
				<r p="46">46</r>
				<r p="47">21</r>
				<r p="48">38</r>
				<r p="49">2</r>
				<r p="50">32</r>
				<r p="51">74</r>
				<r p="52">60</r>
				<r p="53">68</r>
				<r p="54">20</r>
				<r p="55">59</r>
				<r p="56">55</r>
				<r p="57">50</r>
				<r p="58">77</r>
				<r p="59">40</r>
				<r p="60">60</r>
				<r p="61">30</r>
				<r p="62">87</r>
				<r p="63">79</r>
				<r p="64">35</r>
				<r p="65">37</r>
				<r p="66">93</r>
				<r p="67">15</r>
				<r p="68">47</r>
				<r p="69">11</r>
				<r p="70">20</r>
				<r p="71">5</r>
				<r p="72">59</r>
				<r p="73">87</r>
				<r p="74">63</r>
				<r p="75">2</r>
				<r p="76">70</r>
				<r p="77">84</r>
				<r p="78">76</r>
				<r p="79">24</r>
				<r p="80">90</r>
				<r p="81">60</r>
				<r p="82">15</r>
				<r p="83">45</r>
				<r p="84">97</r>
				<r p="85">10</r>
				<r p="86">47</r>
				<r p="87">27</r>
				<r p="88">61</r>
				<r p="89">4</r>
				<r p="90">78</r>
				<r p="91">72</r>
				<r p="92">7</r>
				<r p="93">26</r>
				<r p="94">90</r>
				<r p="95">28</r>
				<r p="96">14</r>
				<r p="97">89</r>
				<r p="98">40</r>
				<r p="99">65</r>
				<r p="100">49</r>
				<r p="101">84</r>
				<r p="102">33</r>
				<r p="103">75</r>
				<r p="104">76</r>
				<r p="105">90</r>
				<r p="106">6</r>
				<r p="107">96</r>
				<r p="108">67</r>
				<r p="109">55</r>
				<r p="110">71</r>
				<r p="111">6</r>
				<r p="112">3</r>
				<r p="113">32</r>
				<r p="114">81</r>
				<r p="115">3</r>
				<r p="116">43</r>
				<r p="117">12</r>
				<r p="118">76</r>
				<r p="119">35</r>
				<r p="120">22</r>
				<r p="121">45</r>
				<r p="122">32</r>
				<r p="123">87</r>
				<r p="124">90</r>
				<r p="125">32</r>
				<r p="126">98</r>
				<r p="127">64</r>
				<r p="128">53</r>
				<r p="129">69</r>
				<r p="130">99</r>
				<r p="131">49</r>
				<r p="132">93</r>
				<r p="133">7</r>
				<r p="134">43</r>
				<r p="135">61</r>
				<r p="136">99</r>
				<r p="137">10</r>
				<r p="138">64</r>
				<r p="139">10</r>
			</measValue>
		</measInfo>
	</measData>
	<fileFooter>
		<measCollec endTime="2023-11-19T10:15:00+02:00"/>
	</fileFooter>
</measCollecFile>