<?xml version="1.0" encoding="UTF-8"?>
<?xml-stylesheet type="text/xsl" href="MeasDataCollection.xsl"?>
<measCollecFile>
	<fileHeader fileFormatVersion="3GPP_PM_32.435_XML_v11.0.0">
		<fileSender/>
		<measCollec beginTime="2023-11-19T10:00:00+02:00"/>
	</fileHeader>
	<measData>
		<managedElement localDn="ZONE_ID=dc1"/>
<measInfo>
 			<job jobId="COMMON.ENTITY[SC][SCEF.QOS][dc1]12860_SCEF.QOS"/>
			<granPeriod duration="PT900S" endTime="2023-11-19T10:15:00+02:00"/>
			<repPeriod duration="PT900S"/>
			<measType p="0">SCEF_QOS_AS_SESSION_GET_AVG_RESPONSE_TIME_PER_SC.SCEF_QOS</measType>
			<measType p="1">SCEF_QOS_AS_SESSION_GET_SUCCESSFUL_RATE_PER_SC.SCEF_QOS</measType>
			<measType p="2">SCEF_QOS_AS_SESSION_GET_TOTAL_REQUESTS_PER_SC.SCEF_QOS</measType>
			<measType p="3">SCEF_QOS_AS_SESSION_GET_TPS_PER_SC.SCEF_QOS</measType>
			<measType p="4">SCEF_QOS_AS_SESSION_INIT_AVG_RESPONSE_TIME_PER_SC.SCEF_QOS</measType>
			<measType p="5">SCEF_QOS_AS_SESSION_INIT_SUCCESSFUL_RATE_PER_SC.SCEF_QOS</measType>
			<measType p="6">SCEF_QOS_AS_SESSION_INIT_TOTAL_REQUESTS_PER_SC.SCEF_QOS</measType>
			<measType p="7">SCEF_QOS_AS_SESSION_INIT_TPS_PER_SC.SCEF_QOS</measType>
			<measType p="8">SCEF_QOS_AS_SESSION_NOTIFY_AVG_RESPONSE_TIME_PER_SC.SCEF_QOS</measType>
			<measType p="9">SCEF_QOS_AS_SESSION_NOTIFY_SUCCESSFUL_RATE_PER_SC.SCEF_QOS</measType>
			<measType p="10">SCEF_QOS_AS_SESSION_NOTIFY_TOTAL_REQUESTS_PER_SC.SCEF_QOS</measType>
			<measType p="11">SCEF_QOS_AS_SESSION_NOTIFY_TPS_PER_SC.SCEF_QOS</measType>
			<measType p="12">SCEF_QOS_AS_SESSION_REMOVE_AVG_RESPONSE_TIME_PER_SC.SCEF_QOS</measType>
			<measType p="13">SCEF_QOS_AS_SESSION_REMOVE_SUCCESSFUL_RATE_PER_SC.SCEF_QOS</measType>
			<measType p="14">SCEF_QOS_AS_SESSION_REMOVE_TOTAL_REQUESTS_PER_SC.SCEF_QOS</measType>
			<measType p="15">SCEF_QOS_AS_SESSION_REMOVE_TPS_PER_SC.SCEF_QOS</measType>
			<measType p="16">SCEF_QOS_AS_SESSION_UPDATE_AVG_RESPONSE_TIME_PER_SC.SCEF_QOS</measType>
			<measType p="17">SCEF_QOS_AS_SESSION_UPDATE_SUCCESSFUL_RATE_PER_SC.SCEF_QOS</measType>
			<measType p="18">SCEF_QOS_AS_SESSION_UPDATE_TOTAL_REQUESTS_PER_SC.SCEF_QOS</measType>
			<measType p="19">SCEF_QOS_AS_SESSION_UPDATE_TPS_PER_SC.SCEF_QOS</measType>
			<measValue measObjLdn="">
				<r p="0">51</r>
				<r p="1">91</r>
				<r p="2">76</r>
				<r p="3">20</r>
				<r p="4">37</r>
				<r p="5">33</r>
				<r p="6">48</r>
				<r p="7">25</r>
				<r p="8">74</r>
				<r p="9">99</r>
				<r p="10">45</r>
				<r p="11">95</r>
				<r p="12">81</r>
				<r p="13">69</r>
				<r p="14">16</r>
				<r p="15">87</r>
				<r p="16">27</r>
				<r p="17">46</r>
				<r p="18">90</r>
				<r p="19">69</r>
			</measValue>
		</measInfo>
	</measData>
	<fileFooter>
		<measCollec endTime="2023-11-19T10:15:00+02:00"/>
	</fileFooter>
</measCollecFile>