<?xml version="1.0" encoding="UTF-8"?>
<?xml-stylesheet type="text/xsl" href="MeasDataCollection.xsl"?>
<measCollecFile>
	<fileHeader fileFormatVersion="3GPP_PM_32.435_XML_v11.0.0">
		<fileSender/>
		<measCollec beginTime="2023-11-19T10:00:00+02:00"/>
	</fileHeader>
	<measData>
		<managedElement localDn="ZONE_ID=dc1"/>
<measInfo>
 			<job jobId="MTC.PROVIDER[MTC.PROVIDER][MTC.PROVIDER.0][dc1]102126_SCEF.NIDD"/>
			<granPeriod duration="PT900S" endTime="2023-11-19T10:15:00+02:00"/>
			<repPeriod duration="PT900S"/>
			<measType p="0">SCEF_NIDD_NIDD_MO_TOTAL_REQUESTS_PER_MTC_PROVIDER.MTC_PROVIDER_0</measType>
			<measType p="1">SCEF_NIDD_NIDD_MO_SUCCESSFUL_RATE_PER_MTC_PROVIDER.MTC_PROVIDER_0</measType>
			<measType p="2">SCEF_NIDD_NIDD_MO_AVG_RESPONSE_TIME_PER_MTC_PROVIDER.MTC_PROVIDER_0</measType>
			<measType p="3">SCEF_NIDD_NIDD_MO_TPS_PER_MTC_PROVIDER.MTC_PROVIDER_0</measType>
			<measType p="4">SCEF_NIDD_MONTE_CDD_RPT_TOTAL_REQUESTS_PER_MTC_PROVIDER.MTC_PROVIDER_0</measType>
			<measType p="5">SCEF_NIDD_MONTE_CDD_RPT_SUCCESSFUL_RATE_PER_MTC_PROVIDER.MTC_PROVIDER_0</measType>
			<measType p="6">SCEF_NIDD_MONTE_CDD_RPT_AVG_RESPONSE_TIME_PER_MTC_PROVIDER.MTC_PROVIDER_0</measType>
			<measType p="7">SCEF_NIDD_MONTE_CDD_RPT_TPS_PER_MTC_PROVIDER.MTC_PROVIDER_0</measType>
			<measType p="8">SCEF_NIDD_SMS_DRN_TOTAL_REQUESTS_PER_MTC_PROVIDER.MTC_PROVIDER_0</measType>
			<measType p="9">SCEF_NIDD_SMS_DRN_SUCCESSFUL_RATE_PER_MTC_PROVIDER.MTC_PROVIDER_0</measType>
			<measType p="10">SCEF_NIDD_SMS_DRN_AVG_RESPONSE_TIME_PER_MTC_PROVIDER.MTC_PROVIDER_0</measType>
			<measType p="11">SCEF_NIDD_SMS_DRN_TPS_PER_MTC_PROVIDER.MTC_PROVIDER_0</measType>
			<measType p="12">SCEF_NIDD_NIDD_CMR_TOTAL_REQUESTS_PER_MTC_PROVIDER.MTC_PROVIDER_0</measType>
			<measType p="13">SCEF_NIDD_NIDD_CMR_SUCCESSFUL_RATE_PER_MTC_PROVIDER.MTC_PROVIDER_0</measType>
			<measType p="14">SCEF_NIDD_NIDD_CMR_AVG_RESPONSE_TIME_PER_MTC_PROVIDER.MTC_PROVIDER_0</measType>
			<measType p="15">SCEF_NIDD_NIDD_CMR_TPS_PER_MTC_PROVIDER.MTC_PROVIDER_0</measType>
			<measType p="16">SCEF_NIDD_NIDD_RPT_TOTAL_REQUESTS_PER_MTC_PROVIDER.MTC_PROVIDER_0</measType>
			<measType p="17">SCEF_NIDD_NIDD_RPT_SUCCESSFUL_RATE_PER_MTC_PROVIDER.MTC_PROVIDER_0</measType>
			<measType p="18">SCEF_NIDD_NIDD_RPT_AVG_RESPONSE_TIME_PER_MTC_PROVIDER.MTC_PROVIDER_0</measType>
			<measType p="19">SCEF_NIDD_NIDD_RPT_TPS_PER_MTC_PROVIDER.MTC_PROVIDER_0</measType>
			<measType p="20">SCEF_NIDD_IPDD_CONN_TOTAL_REQUESTS_PER_MTC_PROVIDER.MTC_PROVIDER_0</measType>
			<measType p="21">SCEF_NIDD_IPDD_CONN_SUCCESSFUL_RATE_PER_MTC_PROVIDER.MTC_PROVIDER_0</measType>
			<measType p="22">SCEF_NIDD_IPDD_CONN_AVG_RESPONSE_TIME_PER_MTC_PROVIDER.MTC_PROVIDER_0</measType>
			<measType p="23">SCEF_NIDD_IPDD_CONN_TPS_PER_MTC_PROVIDER.MTC_PROVIDER_0</measType>
			<measType p="24">SCEF_NIDD_NIDD_CONFIG_TOTAL_REQUESTS_PER_MTC_PROVIDER.MTC_PROVIDER_0</measType>
			<measType p="25">SCEF_NIDD_NIDD_CONFIG_SUCCESSFUL_RATE_PER_MTC_PROVIDER.MTC_PROVIDER_0</measType>
			<measType p="26">SCEF_NIDD_NIDD_CONFIG_AVG_RESPONSE_TIME_PER_MTC_PROVIDER.MTC_PROVIDER_0</measType>
			<measType p="27">SCEF_NIDD_NIDD_CONFIG_TPS_PER_MTC_PROVIDER.MTC_PROVIDER_0</measType>
			<measType p="28">SCEF_NIDD_NIDD_AUT_TOTAL_REQUESTS_PER_MTC_PROVIDER.MTC_PROVIDER_0</measType>
			<measType p="29">SCEF_NIDD_NIDD_AUT_SUCCESSFUL_RATE_PER_MTC_PROVIDER.MTC_PROVIDER_0</measType>
			<measType p="30">SCEF_NIDD_NIDD_AUT_AVG_RESPONSE_TIME_PER_MTC_PROVIDER.MTC_PROVIDER_0</measType>
			<measType p="31">SCEF_NIDD_NIDD_AUT_TPS_PER_MTC_PROVIDER.MTC_PROVIDER_0</measType>
			<measType p="32">SCEF_NIDD_NIDD_MT_TOTAL_REQUESTS_PER_MTC_PROVIDER.MTC_PROVIDER_0</measType>
			<measType p="33">SCEF_NIDD_NIDD_MT_SUCCESSFUL_RATE_PER_MTC_PROVIDER.MTC_PROVIDER_0</measType>
			<measType p="34">SCEF_NIDD_NIDD_MT_AVG_RESPONSE_TIME_PER_MTC_PROVIDER.MTC_PROVIDER_0</measType>
			<measType p="35">SCEF_NIDD_NIDD_MT_TPS_PER_MTC_PROVIDER.MTC_PROVIDER_0</measType>
			<measValue measObjLdn="">
				<r p="0">24</r>
				<r p="1">1</r>
				<r p="2">21</r>
				<r p="3">99</r>
				<r p="4">8</r>
				<r p="5">32</r>
				<r p="6">20</r>
				<r p="7">45</r>
				<r p="8">81</r>
				<r p="9">17</r>
				<r p="10">20</r>
				<r p="11">85</r>
				<r p="12">16</r>
				<r p="13">47</r>
				<r p="14">92</r>
				<r p="15">55</r>
				<r p="16">52</r>
				<r p="17">4</r>
				<r p="18">14</r>
				<r p="19">48</r>
				<r p="20">63</r>
				<r p="21">95</r>
				<r p="22">65</r>
				<r p="23">65</r>
				<r p="24">14</r>
				<r p="25">64</r>
				<r p="26">97</r>
				<r p="27">89</r>
				<r p="28">75</r>
				<r p="29">3</r>
				<r p="30">14</r>
				<r p="31">50</r>
				<r p="32">75</r>
				<r p="33">83</r>
				<r p="34">22</r>
				<r p="35">34</r>
			</measValue>
		</measInfo>
	</measData>
	<fileFooter>
		<measCollec endTime="2023-11-19T10:15:00+02:00"/>
	</fileFooter>
</measCollecFile>