<?xml version="1.0" encoding="UTF-8"?>
<?xml-stylesheet type="text/xsl" href="MeasDataCollection.xsl"?>
<measCollecFile>
	<fileHeader fileFormatVersion="3GPP_PM_32.435_XML_v11.0.0">
		<fileSender/>
		<measCollec beginTime="2023-11-19T10:00:00+02:00"/>
	</fileHeader>
	<measData>
		<managedElement localDn="ZONE_ID=dc1"/>
<measInfo>
 			<job jobId="MTC.PROVIDER[MTC.PROVIDER][MTC.PROVIDER.1][dc1]18385_SCEF.NIDD"/>
			<granPeriod duration="PT900S" endTime="2023-11-19T10:15:00+02:00"/>
			<repPeriod duration="PT900S"/>
			<measType p="0">SCEF_NIDD_NIDD_MO_TOTAL_REQUESTS_PER_MTC_PROVIDER.MTC_PROVIDER_1</measType>
			<measType p="1">SCEF_NIDD_NIDD_MO_SUCCESSFUL_RATE_PER_MTC_PROVIDER.MTC_PROVIDER_1</measType>
			<measType p="2">SCEF_NIDD_NIDD_MO_AVG_RESPONSE_TIME_PER_MTC_PROVIDER.MTC_PROVIDER_1</measType>
			<measType p="3">SCEF_NIDD_NIDD_MO_TPS_PER_MTC_PROVIDER.MTC_PROVIDER_1</measType>
			<measType p="4">SCEF_NIDD_MONTE_CDD_RPT_TOTAL_REQUESTS_PER_MTC_PROVIDER.MTC_PROVIDER_1</measType>
			<measType p="5">SCEF_NIDD_MONTE_CDD_RPT_SUCCESSFUL_RATE_PER_MTC_PROVIDER.MTC_PROVIDER_1</measType>
			<measType p="6">SCEF_NIDD_MONTE_CDD_RPT_AVG_RESPONSE_TIME_PER_MTC_PROVIDER.MTC_PROVIDER_1</measType>
			<measType p="7">SCEF_NIDD_MONTE_CDD_RPT_TPS_PER_MTC_PROVIDER.MTC_PROVIDER_1</measType>
			<measType p="8">SCEF_NIDD_SMS_DRN_TOTAL_REQUESTS_PER_MTC_PROVIDER.MTC_PROVIDER_1</measType>
			<measType p="9">SCEF_NIDD_SMS_DRN_SUCCESSFUL_RATE_PER_MTC_PROVIDER.MTC_PROVIDER_1</measType>
			<measType p="10">SCEF_NIDD_SMS_DRN_AVG_RESPONSE_TIME_PER_MTC_PROVIDER.MTC_PROVIDER_1</measType>
			<measType p="11">SCEF_NIDD_SMS_DRN_TPS_PER_MTC_PROVIDER.MTC_PROVIDER_1</measType>
			<measType p="12">SCEF_NIDD_NIDD_CMR_TOTAL_REQUESTS_PER_MTC_PROVIDER.MTC_PROVIDER_1</measType>
			<measType p="13">SCEF_NIDD_NIDD_CMR_SUCCESSFUL_RATE_PER_MTC_PROVIDER.MTC_PROVIDER_1</measType>
			<measType p="14">SCEF_NIDD_NIDD_CMR_AVG_RESPONSE_TIME_PER_MTC_PROVIDER.MTC_PROVIDER_1</measType>
			<measType p="15">SCEF_NIDD_NIDD_CMR_TPS_PER_MTC_PROVIDER.MTC_PROVIDER_1</measType>
			<measType p="16">SCEF_NIDD_NIDD_RPT_TOTAL_REQUESTS_PER_MTC_PROVIDER.MTC_PROVIDER_1</measType>
			<measType p="17">SCEF_NIDD_NIDD_RPT_SUCCESSFUL_RATE_PER_MTC_PROVIDER.MTC_PROVIDER_1</measType>
			<measType p="18">SCEF_NIDD_NIDD_RPT_AVG_RESPONSE_TIME_PER_MTC_PROVIDER.MTC_PROVIDER_1</measType>
			<measType p="19">SCEF_NIDD_NIDD_RPT_TPS_PER_MTC_PROVIDER.MTC_PROVIDER_1</measType>
			<measType p="20">SCEF_NIDD_IPDD_CONN_TOTAL_REQUESTS_PER_MTC_PROVIDER.MTC_PROVIDER_1</measType>
			<measType p="21">SCEF_NIDD_IPDD_CONN_SUCCESSFUL_RATE_PER_MTC_PROVIDER.MTC_PROVIDER_1</measType>
			<measType p="22">SCEF_NIDD_IPDD_CONN_AVG_RESPONSE_TIME_PER_MTC_PROVIDER.MTC_PROVIDER_1</measType>
			<measType p="23">SCEF_NIDD_IPDD_CONN_TPS_PER_MTC_PROVIDER.MTC_PROVIDER_1</measType>
			<measType p="24">SCEF_NIDD_NIDD_CONFIG_TOTAL_REQUESTS_PER_MTC_PROVIDER.MTC_PROVIDER_1</measType>
			<measType p="25">SCEF_NIDD_NIDD_CONFIG_SUCCESSFUL_RATE_PER_MTC_PROVIDER.MTC_PROVIDER_1</measType>
			<measType p="26">SCEF_NIDD_NIDD_CONFIG_AVG_RESPONSE_TIME_PER_MTC_PROVIDER.MTC_PROVIDER_1</measType>
			<measType p="27">SCEF_NIDD_NIDD_CONFIG_TPS_PER_MTC_PROVIDER.MTC_PROVIDER_1</measType>
			<measType p="28">SCEF_NIDD_NIDD_AUT_TOTAL_REQUESTS_PER_MTC_PROVIDER.MTC_PROVIDER_1</measType>
			<measType p="29">SCEF_NIDD_NIDD_AUT_SUCCESSFUL_RATE_PER_MTC_PROVIDER.MTC_PROVIDER_1</measType>
			<measType p="30">SCEF_NIDD_NIDD_AUT_AVG_RESPONSE_TIME_PER_MTC_PROVIDER.MTC_PROVIDER_1</measType>
			<measType p="31">SCEF_NIDD_NIDD_AUT_TPS_PER_MTC_PROVIDER.MTC_PROVIDER_1</measType>
			<measType p="32">SCEF_NIDD_NIDD_MT_TOTAL_REQUESTS_PER_MTC_PROVIDER.MTC_PROVIDER_1</measType>
			<measType p="33">SCEF_NIDD_NIDD_MT_SUCCESSFUL_RATE_PER_MTC_PROVIDER.MTC_PROVIDER_1</measType>
			<measType p="34">SCEF_NIDD_NIDD_MT_AVG_RESPONSE_TIME_PER_MTC_PROVIDER.MTC_PROVIDER_1</measType>
			<measType p="35">SCEF_NIDD_NIDD_MT_TPS_PER_MTC_PROVIDER.MTC_PROVIDER_1</measType>
			<measValue measObjLdn="">
				<r p="0">69</r>
				<r p="1">93</r>
				<r p="2">82</r>
				<r p="3">75</r>
				<r p="4">58</r>
				<r p="5">85</r>
				<r p="6">32</r>
				<r p="7">72</r>
				<r p="8">39</r>
				<r p="9">8</r>
				<r p="10">22</r>
				<r p="11">62</r>
				<r p="12">77</r>
				<r p="13">43</r>
				<r p="14">45</r>
				<r p="15">95</r>
				<r p="16">29</r>
				<r p="17">91</r>
				<r p="18">36</r>
				<r p="19">39</r>
				<r p="20">42</r>
				<r p="21">69</r>
				<r p="22">37</r>
				<r p="23">0</r>
				<r p="24">34</r>
				<r p="25">63</r>
				<r p="26">62</r>
				<r p="27">60</r>
				<r p="28">41</r>
				<r p="29">22</r>
				<r p="30">79</r>
				<r p="31">86</r>
				<r p="32">94</r>
				<r p="33">62</r>
				<r p="34">94</r>
				<r p="35">15</r>
			</measValue>
		</measInfo>
	</measData>
	<fileFooter>
		<measCollec endTime="2023-11-19T10:15:00+02:00"/>
	</fileFooter>
</measCollecFile>