<?xml version="1.0" encoding="UTF-8"?>
<?xml-stylesheet type="text/xsl" href="MeasDataCollection.xsl"?>
<measCollecFile>
	<fileHeader fileFormatVersion="3GPP_PM_32.435_XML_v11.0.0">
		<fileSender/>
		<measCollec beginTime="2023-11-19T10:00:00+02:00"/>
	</fileHeader>
	<measData>
		<managedElement localDn="ZONE_ID=dc1"/>
<measInfo>
 			<job jobId="IPSERVICE.APPLICATION[IP.SERVICE.API][IPDD.MT][dc1]59234_ip.service"/>
			<granPeriod duration="PT900S" endTime="2023-11-19T10:15:00+02:00"/>
			<repPeriod duration="PT900S"/>
			<measType p="0">ip-service_IPDD_MT_AVG_RESPONSE_TIME_PER_IP_SERVICE_API.MT</measType>
			<measType p="1">ip-service_IPDD_MT_SUCCESSFUL_RATE_PER_IP_SERVICE_API.MT</measType>
			<measType p="2">ip-service_IPDD_MT_TOTAL_REQUESTS_PER_IP_SERVICE_API.MT</measType>
			<measType p="3">ip-service_IPDD_MT_TPS_PER_IP_SERVICE_API.MT</measType>
			<measValue measObjLdn="">
				<r p="0">79</r>
				<r p="1">73</r>
				<r p="2">29</r>
				<r p="3">91</r>
			</measValue>
		</measInfo>
	</measData>
	<fileFooter>
		<measCollec endTime="2023-11-19T10:15:00+02:00"/>
	</fileFooter>
</measCollecFile>