<?xml version="1.0" encoding="UTF-8"?>
<?xml-stylesheet type="text/xsl" href="MeasDataCollection.xsl"?>
<measCollecFile>
	<fileHeader fileFormatVersion="3GPP_PM_32.435_XML_v11.0.0">
		<fileSender/>
		<measCollec beginTime="2023-11-19T10:00:00+02:00"/>
	</fileHeader>
	<measData>
		<managedElement localDn="ZONE_ID=dc1"/>
<measInfo>
 			<job jobId="RESOURCE.PROFILE[RESOURCE.PROFILE][rp.2][dc1]110653_IWK.SCEF.MONTE"/>
			<granPeriod duration="PT900S" endTime="2023-11-19T10:15:00+02:00"/>
			<repPeriod duration="PT900S"/>
			<measType p="0">IWK_SCEF_MONTE_MONTE_CONFIG_AVG_RESPONSE_TIME_PER_RESOURCE_PROFILE.rp_2</measType>
			<measType p="1">IWK_SCEF_MONTE_MONTE_CONFIG_SUCCESSFUL_RATE_PER_RESOURCE_PROFILE.rp_2</measType>
			<measType p="2">IWK_SCEF_MONTE_MONTE_CONFIG_TOTAL_REQUESTS_PER_RESOURCE_PROFILE.rp_2</measType>
			<measType p="3">IWK_SCEF_MONTE_MONTE_CONFIG_TPS_PER_RESOURCE_PROFILE.rp_2</measType>
			<measType p="4">IWK_SCEF_MONTE_MONTE_REPORT_AVG_RESPONSE_TIME_PER_RESOURCE_PROFILE.rp_2</measType>
			<measType p="5">IWK_SCEF_MONTE_MONTE_REPORT_SUCCESSFUL_RATE_PER_RESOURCE_PROFILE.rp_2</measType>
			<measType p="6">IWK_SCEF_MONTE_MONTE_REPORT_TOTAL_REQUESTS_PER_RESOURCE_PROFILE.rp_2</measType>
			<measType p="7">IWK_SCEF_MONTE_MONTE_REPORT_TPS_PER_RESOURCE_PROFILE.rp_2</measType>
			<measValue measObjLdn="">
				<r p="0">17</r>
				<r p="1">96</r>
				<r p="2">41</r>
				<r p="3">33</r>
				<r p="4">54</r>
				<r p="5">23</r>
				<r p="6">75</r>
				<r p="7">29</r>
			</measValue>
		</measInfo>
	</measData>
	<fileFooter>
		<measCollec endTime="2023-11-19T10:15:00+02:00"/>
	</fileFooter>
</measCollecFile>