<?xml version="1.0" encoding="UTF-8"?>
<?xml-stylesheet type="text/xsl" href="MeasDataCollection.xsl"?>
<measCollecFile>
	<fileHeader fileFormatVersion="3GPP_PM_32.435_XML_v11.0.0">
		<fileSender/>
		<measCollec beginTime="2023-11-19T10:00:00+02:00"/>
	</fileHeader>
	<measData>
		<managedElement localDn="ZONE_ID=dc1"/>
<measInfo>
 			<job jobId="APN[APN][apn.0][dc1]104034_SCEF.NIDD"/>
			<granPeriod duration="PT900S" endTime="2023-11-19T10:15:00+02:00"/>
			<repPeriod duration="PT900S"/>
			<measType p="0">SCEF_NIDD_IPDD_CONN_AVG_RESPONSE_TIME_PER_APN.apn_0</measType>
			<measType p="1">SCEF_NIDD_IPDD_CONN_SUCCESSFUL_RATE_PER_APN.apn_0</measType>
			<measType p="2">SCEF_NIDD_IPDD_CONN_TOTAL_REQUESTS_PER_APN.apn_0</measType>
			<measType p="3">SCEF_NIDD_IPDD_CONN_TPS_PER_APN.apn_0</measType>
			<measType p="4">SCEF_NIDD_MONTE_CDD_RPT_AVG_RESPONSE_TIME_PER_APN.apn_0</measType>
			<measType p="5">SCEF_NIDD_MONTE_CDD_RPT_SUCCESSFUL_RATE_PER_APN.apn_0</measType>
			<measType p="6">SCEF_NIDD_MONTE_CDD_RPT_TOTAL_REQUESTS_PER_APN.apn_0</measType>
			<measType p="7">SCEF_NIDD_MONTE_CDD_RPT_TPS_PER_APN.apn_0</measType>
			<measType p="8">SCEF_NIDD_NIDD_AUT_AVG_RESPONSE_TIME_PER_APN.apn_0</measType>
			<measType p="9">SCEF_NIDD_NIDD_AUT_SUCCESSFUL_RATE_PER_APN.apn_0</measType>
			<measType p="10">SCEF_NIDD_NIDD_AUT_TOTAL_REQUESTS_PER_APN.apn_0</measType>
			<measType p="11">SCEF_NIDD_NIDD_AUT_TPS_PER_APN.apn_0</measType>
			<measType p="12">SCEF_NIDD_NIDD_CMR_AVG_RESPONSE_TIME_PER_APN.apn_0</measType>
			<measType p="13">SCEF_NIDD_NIDD_CMR_SUCCESSFUL_RATE_PER_APN.apn_0</measType>
			<measType p="14">SCEF_NIDD_NIDD_CMR_TOTAL_REQUESTS_PER_APN.apn_0</measType>
			<measType p="15">SCEF_NIDD_NIDD_CMR_TPS_PER_APN.apn_0</measType>
			<measType p="16">SCEF_NIDD_NIDD_CONFIG_AVG_RESPONSE_TIME_PER_APN.apn_0</measType>
			<measType p="17">SCEF_NIDD_NIDD_CONFIG_SUCCESSFUL_RATE_PER_APN.apn_0</measType>
			<measType p="18">SCEF_NIDD_NIDD_CONFIG_TOTAL_REQUESTS_PER_APN.apn_0</measType>
			<measType p="19">SCEF_NIDD_NIDD_CONFIG_TPS_PER_APN.apn_0</measType>
			<measType p="20">SCEF_NIDD_NIDD_MO_AVG_RESPONSE_TIME_PER_APN.apn_0</measType>
			<measType p="21">SCEF_NIDD_NIDD_MO_SUCCESSFUL_RATE_PER_APN.apn_0</measType>
			<measType p="22">SCEF_NIDD_NIDD_MO_TOTAL_REQUESTS_PER_APN.apn_0</measType>
			<measType p="23">SCEF_NIDD_NIDD_MO_TPS_PER_APN.apn_0</measType>
			<measType p="24">SCEF_NIDD_NIDD_MT_AVG_RESPONSE_TIME_PER_APN.apn_0</measType>
			<measType p="25">SCEF_NIDD_NIDD_MT_SUCCESSFUL_RATE_PER_APN.apn_0</measType>
			<measType p="26">SCEF_NIDD_NIDD_MT_TOTAL_REQUESTS_PER_APN.apn_0</measType>
			<measType p="27">SCEF_NIDD_NIDD_MT_TPS_PER_APN.apn_0</measType>
			<measType p="28">SCEF_NIDD_NIDD_RPT_AVG_RESPONSE_TIME_PER_APN.apn_0</measType>
			<measType p="29">SCEF_NIDD_NIDD_RPT_SUCCESSFUL_RATE_PER_APN.apn_0</measType>
			<measType p="30">SCEF_NIDD_NIDD_RPT_TOTAL_REQUESTS_PER_APN.apn_0</measType>
			<measType p="31">SCEF_NIDD_NIDD_RPT_TPS_PER_APN.apn_0</measType>
			<measType p="32">SCEF_NIDD_SMS_DRN_AVG_RESPONSE_TIME_PER_APN.apn_0</measType>
			<measType p="33">SCEF_NIDD_SMS_DRN_SUCCESSFUL_RATE_PER_APN.apn_0</measType>
			<measType p="34">SCEF_NIDD_SMS_DRN_TOTAL_REQUESTS_PER_APN.apn_0</measType>
			<measType p="35">SCEF_NIDD_SMS_DRN_TPS_PER_APN.apn_0</measType>
			<measValue measObjLdn="">
				<r p="0">1</r>
				<r p="1">11</r>
				<r p="2">27</r>
				<r p="3">0</r>
				<r p="4">24</r>
				<r p="5">59</r>
				<r p="6">16</r>
				<r p="7">48</r>
				<r p="8">16</r>
				<r p="9">3</r>
				<r p="10">58</r>
				<r p="11">18</r>
				<r p="12">97</r>
				<r p="13">3</r>
				<r p="14">55</r>
				<r p="15">85</r>
				<r p="16">31</r>
				<r p="17">33</r>
				<r p="18">21</r>
				<r p="19">9</r>
				<r p="20">3</r>
				<r p="21">45</r>
				<r p="22">82</r>
				<r p="23">77</r>
				<r p="24">87</r>
				<r p="25">71</r>
				<r p="26">53</r>
				<r p="27">30</r>
				<r p="28">91</r>
				<r p="29">78</r>
				<r p="30">2</r>
				<r p="31">73</r>
				<r p="32">75</r>
				<r p="33">97</r>
				<r p="34">34</r>
				<r p="35">98</r>
			</measValue>
		</measInfo>
	</measData>
	<fileFooter>
		<measCollec endTime="2023-11-19T10:15:00+02:00"/>
	</fileFooter>
</measCollecFile>