<?xml version="1.0" encoding="UTF-8"?>
<?xml-stylesheet type="text/xsl" href="MeasDataCollection.xsl"?>
<measCollecFile>
	<fileHeader fileFormatVersion="3GPP_PM_32.435_XML_v11.0.0">
		<fileSender/>
		<measCollec beginTime="2023-11-19T10:00:00+02:00"/>
	</fileHeader>
	<measData>
		<managedElement localDn="ZONE_ID=dc1"/>
<measInfo>
 			<job jobId="RESOURCE.PROFILE[RESOURCE.PROFILE][rp.0][dc1]26774_IWK.SCEF.NIDD"/>
			<granPeriod duration="PT900S" endTime="2023-11-19T10:15:00+02:00"/>
			<repPeriod duration="PT900S"/>
			<measType p="0">IWK_SCEF_NIDD_NIDD_CM_REQ_AVG_RESPONSE_TIME_PER_RESOURCE_PROFILE.rp_0</measType>
			<measType p="1">IWK_SCEF_NIDD_NIDD_CM_REQ_SUCCESSFUL_RATE_PER_RESOURCE_PROFILE.rp_0</measType>
			<measType p="2">IWK_SCEF_NIDD_NIDD_CM_REQ_TOTAL_REQUESTS_PER_RESOURCE_PROFILE.rp_0</measType>
			<measType p="3">IWK_SCEF_NIDD_NIDD_CM_REQ_TPS_PER_RESOURCE_PROFILE.rp_0</measType>
			<measType p="4">IWK_SCEF_NIDD_NIDD_CM_RSP_AVG_RESPONSE_TIME_PER_RESOURCE_PROFILE.rp_0</measType>
			<measType p="5">IWK_SCEF_NIDD_NIDD_CM_RSP_SUCCESSFUL_RATE_PER_RESOURCE_PROFILE.rp_0</measType>
			<measType p="6">IWK_SCEF_NIDD_NIDD_CM_RSP_TOTAL_REQUESTS_PER_RESOURCE_PROFILE.rp_0</measType>
			<measType p="7">IWK_SCEF_NIDD_NIDD_CM_RSP_TPS_PER_RESOURCE_PROFILE.rp_0</measType>
			<measType p="8">IWK_SCEF_NIDD_NIDD_MO_REQ_AVG_RESPONSE_TIME_PER_RESOURCE_PROFILE.rp_0</measType>
			<measType p="9">IWK_SCEF_NIDD_NIDD_MO_REQ_SUCCESSFUL_RATE_PER_RESOURCE_PROFILE.rp_0</measType>
			<measType p="10">IWK_SCEF_NIDD_NIDD_MO_REQ_TOTAL_REQUESTS_PER_RESOURCE_PROFILE.rp_0</measType>
			<measType p="11">IWK_SCEF_NIDD_NIDD_MO_REQ_TPS_PER_RESOURCE_PROFILE.rp_0</measType>
			<measType p="12">IWK_SCEF_NIDD_NIDD_MO_RSP_AVG_RESPONSE_TIME_PER_RESOURCE_PROFILE.rp_0</measType>
			<measType p="13">IWK_SCEF_NIDD_NIDD_MO_RSP_SUCCESSFUL_RATE_PER_RESOURCE_PROFILE.rp_0</measType>
			<measType p="14">IWK_SCEF_NIDD_NIDD_MO_RSP_TOTAL_REQUESTS_PER_RESOURCE_PROFILE.rp_0</measType>
			<measType p="15">IWK_SCEF_NIDD_NIDD_MO_RSP_TPS_PER_RESOURCE_PROFILE.rp_0</measType>
			<measType p="16">IWK_SCEF_NIDD_NIDD_MT_REQ_AVG_RESPONSE_TIME_PER_RESOURCE_PROFILE.rp_0</measType>
			<measType p="17">IWK_SCEF_NIDD_NIDD_MT_REQ_SUCCESSFUL_RATE_PER_RESOURCE_PROFILE.rp_0</measType>
			<measType p="18">IWK_SCEF_NIDD_NIDD_MT_REQ_TOTAL_REQUESTS_PER_RESOURCE_PROFILE.rp_0</measType>
			<measType p="19">IWK_SCEF_NIDD_NIDD_MT_REQ_TPS_PER_RESOURCE_PROFILE.rp_0</measType>
			<measType p="20">IWK_SCEF_NIDD_NIDD_MT_RSP_AVG_RESPONSE_TIME_PER_RESOURCE_PROFILE.rp_0</measType>
			<measType p="21">IWK_SCEF_NIDD_NIDD_MT_RSP_SUCCESSFUL_RATE_PER_RESOURCE_PROFILE.rp_0</measType>
			<measType p="22">IWK_SCEF_NIDD_NIDD_MT_RSP_TOTAL_REQUESTS_PER_RESOURCE_PROFILE.rp_0</measType>
			<measType p="23">IWK_SCEF_NIDD_NIDD_MT_RSP_TPS_PER_RESOURCE_PROFILE.rp_0</measType>
			<measValue measObjLdn="">
				<r p="0">36</r>
				<r p="1">10</r>
				<r p="2">84</r>
				<r p="3">93</r>
				<r p="4">51</r>
				<r p="5">56</r>
				<r p="6">49</r>
				<r p="7">17</r>
				<r p="8">25</r>
				<r p="9">86</r>
				<r p="10">81</r>
				<r p="11">59</r>
				<r p="12">58</r>
				<r p="13">43</r>
				<r p="14">84</r>
				<r p="15">4</r>
				<r p="16">84</r>
				<r p="17">83</r>
				<r p="18">1</r>
				<r p="19">73</r>
				<r p="20">57</r>
				<r p="21">52</r>
				<r p="22">21</r>
				<r p="23">2</r>
			</measValue>
		</measInfo>
	</measData>
	<fileFooter>
		<measCollec endTime="2023-11-19T10:15:00+02:00"/>
	</fileFooter>
</measCollecFile>