<?xml version="1.0" encoding="UTF-8"?>
<?xml-stylesheet type="text/xsl" href="MeasDataCollection.xsl"?>
<measCollecFile>
	<fileHeader fileFormatVersion="3GPP_PM_32.435_XML_v11.0.0">
		<fileSender/>
		<measCollec beginTime="2023-11-19T10:00:00+02:00"/>
	</fileHeader>
	<measData>
		<managedElement localDn="ZONE_ID=dc1"/>
<measInfo>
 			<job jobId="DIAMETER.APPLICATION[DIAMETER.INTERFACE][s6m][dc1]91426_diameter.service"/>
			<granPeriod duration="PT900S" endTime="2023-11-19T10:15:00+02:00"/>
			<repPeriod duration="PT900S"/>
			<measType p="0">diameter-service_MT.SIR_AVG_RESPONSE_TIME_PER_DIAMETER_INTERFACE.s6m</measType>
			<measType p="1">diameter-service_MT.SIR_SUCCESSFUL_RATE_PER_DIAMETER_INTERFACE.s6m</measType>
			<measType p="2">diameter-service_MT.SIR_TOTAL_REQUESTS_PER_DIAMETER_INTERFACE.s6m</measType>
			<measType p="3">diameter-service_MT.SIR_TPS_PER_DIAMETER_INTERFACE.s6m</measType>
			<measValue measObjLdn="">
				<r p="0">75</r>
				<r p="1">55</r>
				<r p="2">70</r>
				<r p="3">95</r>
			</measValue>
		</measInfo>
	</measData>
	<fileFooter>
		<measCollec endTime="2023-11-19T10:15:00+02:00"/>
	</fileFooter>
</measCollecFile>