<?xml version="1.0" encoding="UTF-8"?>
<?xml-stylesheet type="text/xsl" href="MeasDataCollection.xsl"?>
<measCollecFile>
	<fileHeader fileFormatVersion="3GPP_PM_32.435_XML_v11.0.0">
		<fileSender/>
		<measCollec beginTime="2023-11-19T10:00:00+02:00"/>
	</fileHeader>
	<measData>
		<managedElement localDn="ZONE_ID=dc1"/>
<measInfo>
 			<job jobId="COMMON.ENTITY[SP][sp.4][dc1]50985_NP.Configuration"/>
			<granPeriod duration="PT900S" endTime="2023-11-19T10:15:00+02:00"/>
			<repPeriod duration="PT900S"/>
			<measType p="0">NP_Configuration_NP_CONFIGURATION_AVG_RESPONSE_TIME_PER_APP.app_0</measType>
			<measType p="1">NP_Configuration_NP_CONFIGURATION_AVG_RESPONSE_TIME_PER_APP.app_1</measType>
			<measType p="2">NP_Configuration_NP_CONFIGURATION_AVG_RESPONSE_TIME_PER_APP.app_2</measType>
			<measType p="3">NP_Configuration_NP_CONFIGURATION_AVG_RESPONSE_TIME_PER_APP.app_3</measType>
			<measType p="4">NP_Configuration_NP_CONFIGURATION_AVG_RESPONSE_TIME_PER_APP.app_4</measType>
			<measType p="5">NP_Configuration_NP_CONFIGURATION_AVG_RESPONSE_TIME_PER_APP.app_5</measType>
			<measType p="6">NP_Configuration_NP_CONFIGURATION_AVG_RESPONSE_TIME_PER_SP.sp_4</measType>
			<measType p="7">NP_Configuration_NP_CONFIGURATION_SUCCESSFUL_RATE_PER_APP.app_0</measType>
			<measType p="8">NP_Configuration_NP_CONFIGURATION_SUCCESSFUL_RATE_PER_APP.app_1</measType>
			<measType p="9">NP_Configuration_NP_CONFIGURATION_SUCCESSFUL_RATE_PER_APP.app_2</measType>
			<measType p="10">NP_Configuration_NP_CONFIGURATION_SUCCESSFUL_RATE_PER_APP.app_3</measType>
			<measType p="11">NP_Configuration_NP_CONFIGURATION_SUCCESSFUL_RATE_PER_APP.app_4</measType>
			<measType p="12">NP_Configuration_NP_CONFIGURATION_SUCCESSFUL_RATE_PER_APP.app_5</measType>
			<measType p="13">NP_Configuration_NP_CONFIGURATION_SUCCESSFUL_RATE_PER_SP.sp_4</measType>
			<measType p="14">NP_Configuration_NP_CONFIGURATION_TOTAL_REQUESTS_PER_APP.app_0</measType>
			<measType p="15">NP_Configuration_NP_CONFIGURATION_TOTAL_REQUESTS_PER_APP.app_1</measType>
			<measType p="16">NP_Configuration_NP_CONFIGURATION_TOTAL_REQUESTS_PER_APP.app_2</measType>
			<measType p="17">NP_Configuration_NP_CONFIGURATION_TOTAL_REQUESTS_PER_APP.app_3</measType>
			<measType p="18">NP_Configuration_NP_CONFIGURATION_TOTAL_REQUESTS_PER_APP.app_4</measType>
			<measType p="19">NP_Configuration_NP_CONFIGURATION_TOTAL_REQUESTS_PER_APP.app_5</measType>
			<measType p="20">NP_Configuration_NP_CONFIGURATION_TOTAL_REQUESTS_PER_SP.sp_4</measType>
			<measType p="21">NP_Configuration_NP_CONFIGURATION_TPS_PER_APP.app_0</measType>
			<measType p="22">NP_Configuration_NP_CONFIGURATION_TPS_PER_APP.app_1</measType>
			<measType p="23">NP_Configuration_NP_CONFIGURATION_TPS_PER_APP.app_2</measType>
			<measType p="24">NP_Configuration_NP_CONFIGURATION_TPS_PER_APP.app_3</measType>
			<measType p="25">NP_Configuration_NP_CONFIGURATION_TPS_PER_APP.app_4</measType>
			<measType p="26">NP_Configuration_NP_CONFIGURATION_TPS_PER_APP.app_5</measType>
			<measType p="27">NP_Configuration_NP_CONFIGURATION_TPS_PER_SP.sp_4</measType>
			<measValue measObjLdn="">
				<r p="0">80</r>
				<r p="1">68</r>
				<r p="2">79</r>
				<r p="3">25</r>
				<r p="4">74</r>
				<r p="5">34</r>
				<r p="6">77</r>
				<r p="7">40</r>
				<r p="8">59</r>
				<r p="9">73</r>
				<r p="10">46</r>
				<r p="11">4</r>
				<r p="12">74</r>
				<r p="13">84</r>
				<r p="14">88</r>
				<r p="15">60</r>
				<r p="16">80</r>
				<r p="17">30</r>
				<r p="18">58</r>
				<r p="19">7</r>
				<r p="20">36</r>
				<r p="21">93</r>
				<r p="22">42</r>
				<r p="23">32</r>
				<r p="24">41</r>
				<r p="25">79</r>
				<r p="26">3</r>
				<r p="27">22</r>
			</measValue>
		</measInfo>
	</measData>
	<fileFooter>
		<measCollec endTime="2023-11-19T10:15:00+02:00"/>
	</fileFooter>
</measCollecFile>