<?xml version="1.0" encoding="UTF-8"?>
<?xml-stylesheet type="text/xsl" href="MeasDataCollection.xsl"?>
<measCollecFile>
	<fileHeader fileFormatVersion="3GPP_PM_32.435_XML_v11.0.0">
		<fileSender/>
		<measCollec beginTime="2023-11-19T10:00:00+02:00"/>
	</fileHeader>
	<measData>
		<managedElement localDn="ZONE_ID=dc1"/>
<measInfo>
 			<job jobId="COMMON.ENTITY[SC][NP.Configuration][dc1]53740_NP.Configuration"/>
			<granPeriod duration="PT900S" endTime="2023-11-19T10:15:00+02:00"/>
			<repPeriod duration="PT900S"/>
			<measType p="0">NP_Configuration_NP_CONFIGURATION_AVG_RESPONSE_TIME_PER_SC.NP_Configuration</measType>
			<measType p="1">NP_Configuration_NP_CONFIGURATION_SUCCESSFUL_RATE_PER_SC.NP_Configuration</measType>
			<measType p="2">NP_Configuration_NP_CONFIGURATION_TOTAL_REQUESTS_PER_SC.NP_Configuration</measType>
			<measType p="3">NP_Configuration_NP_CONFIGURATION_TPS_PER_SC.NP_Configuration</measType>
			<measValue measObjLdn="">
				<r p="0">93</r>
				<r p="1">47</r>
				<r p="2">98</r>
				<r p="3">96</r>
			</measValue>
		</measInfo>
	</measData>
	<fileFooter>
		<measCollec endTime="2023-11-19T10:15:00+02:00"/>
	</fileFooter>
</measCollecFile>