<?xml version="1.0" encoding="UTF-8"?>
<?xml-stylesheet type="text/xsl" href="MeasDataCollection.xsl"?>
<measCollecFile>
	<fileHeader fileFormatVersion="3GPP_PM_32.435_XML_v11.0.0">
		<fileSender/>
		<measCollec beginTime="2023-11-19T10:00:00+02:00"/>
	</fileHeader>
	<measData>
		<managedElement localDn="ZONE_ID=dc1"/>
<measInfo>
 			<job jobId="COMMON.ENTITY[SP][sp.0][dc1]54620_CDD.DeviceTriggering"/>
			<granPeriod duration="PT900S" endTime="2023-11-19T10:15:00+02:00"/>
			<repPeriod duration="PT900S"/>
			<measType p="0">CDD_DeviceTriggering_SMS_DRN_AVG_RESPONSE_TIME_PER_APP.app_0</measType>
			<measType p="1">CDD_DeviceTriggering_SMS_DRN_AVG_RESPONSE_TIME_PER_APP.app_1</measType>
			<measType p="2">CDD_DeviceTriggering_SMS_DRN_AVG_RESPONSE_TIME_PER_APP.app_2</measType>
			<measType p="3">CDD_DeviceTriggering_SMS_DRN_AVG_RESPONSE_TIME_PER_APP.app_3</measType>
			<measType p="4">CDD_DeviceTriggering_SMS_DRN_AVG_RESPONSE_TIME_PER_APP.app_4</measType>
			<measType p="5">CDD_DeviceTriggering_SMS_DRN_AVG_RESPONSE_TIME_PER_APP.app_5</measType>
			<measType p="6">CDD_DeviceTriggering_SMS_DRN_AVG_RESPONSE_TIME_PER_SP.sp_0</measType>
			<measType p="7">CDD_DeviceTriggering_SMS_DRN_SUCCESSFUL_RATE_PER_APP.app_0</measType>
			<measType p="8">CDD_DeviceTriggering_SMS_DRN_SUCCESSFUL_RATE_PER_APP.app_1</measType>
			<measType p="9">CDD_DeviceTriggering_SMS_DRN_SUCCESSFUL_RATE_PER_APP.app_2</measType>
			<measType p="10">CDD_DeviceTriggering_SMS_DRN_SUCCESSFUL_RATE_PER_APP.app_3</measType>
			<measType p="11">CDD_DeviceTriggering_SMS_DRN_SUCCESSFUL_RATE_PER_APP.app_4</measType>
			<measType p="12">CDD_DeviceTriggering_SMS_DRN_SUCCESSFUL_RATE_PER_APP.app_5</measType>
			<measType p="13">CDD_DeviceTriggering_SMS_DRN_SUCCESSFUL_RATE_PER_SP.sp_0</measType>
			<measType p="14">CDD_DeviceTriggering_SMS_DRN_TOTAL_REQUESTS_PER_APP.app_0</measType>
			<measType p="15">CDD_DeviceTriggering_SMS_DRN_TOTAL_REQUESTS_PER_APP.app_1</measType>
			<measType p="16">CDD_DeviceTriggering_SMS_DRN_TOTAL_REQUESTS_PER_APP.app_2</measType>
			<measType p="17">CDD_DeviceTriggering_SMS_DRN_TOTAL_REQUESTS_PER_APP.app_3</measType>
			<measType p="18">CDD_DeviceTriggering_SMS_DRN_TOTAL_REQUESTS_PER_APP.app_4</measType>
			<measType p="19">CDD_DeviceTriggering_SMS_DRN_TOTAL_REQUESTS_PER_APP.app_5</measType>
			<measType p="20">CDD_DeviceTriggering_SMS_DRN_TOTAL_REQUESTS_PER_SP.sp_0</measType>
			<measType p="21">CDD_DeviceTriggering_SMS_DRN_TPS_PER_APP.app_0</measType>
			<measType p="22">CDD_DeviceTriggering_SMS_DRN_TPS_PER_APP.app_1</measType>
			<measType p="23">CDD_DeviceTriggering_SMS_DRN_TPS_PER_APP.app_2</measType>
			<measType p="24">CDD_DeviceTriggering_SMS_DRN_TPS_PER_APP.app_3</measType>
			<measType p="25">CDD_DeviceTriggering_SMS_DRN_TPS_PER_APP.app_4</measType>
			<measType p="26">CDD_DeviceTriggering_SMS_DRN_TPS_PER_APP.app_5</measType>
			<measType p="27">CDD_DeviceTriggering_SMS_DRN_TPS_PER_SP.sp_0</measType>
			<measType p="28">CDD_DeviceTriggering_SMS_MT_AVG_RESPONSE_TIME_PER_APP.app_0</measType>
			<measType p="29">CDD_DeviceTriggering_SMS_MT_AVG_RESPONSE_TIME_PER_APP.app_1</measType>
			<measType p="30">CDD_DeviceTriggering_SMS_MT_AVG_RESPONSE_TIME_PER_APP.app_2</measType>
			<measType p="31">CDD_DeviceTriggering_SMS_MT_AVG_RESPONSE_TIME_PER_APP.app_3</measType>
			<measType p="32">CDD_DeviceTriggering_SMS_MT_AVG_RESPONSE_TIME_PER_APP.app_4</measType>
			<measType p="33">CDD_DeviceTriggering_SMS_MT_AVG_RESPONSE_TIME_PER_APP.app_5</measType>
			<measType p="34">CDD_DeviceTriggering_SMS_MT_AVG_RESPONSE_TIME_PER_SP.sp_0</measType>
			<measType p="35">CDD_DeviceTriggering_SMS_MT_SUCCESSFUL_RATE_PER_APP.app_0</measType>
			<measType p="36">CDD_DeviceTriggering_SMS_MT_SUCCESSFUL_RATE_PER_APP.app_1</measType>
			<measType p="37">CDD_DeviceTriggering_SMS_MT_SUCCESSFUL_RATE_PER_APP.app_2</measType>
			<measType p="38">CDD_DeviceTriggering_SMS_MT_SUCCESSFUL_RATE_PER_APP.app_3</measType>
			<measType p="39">CDD_DeviceTriggering_SMS_MT_SUCCESSFUL_RATE_PER_APP.app_4</measType>
			<measType p="40">CDD_DeviceTriggering_SMS_MT_SUCCESSFUL_RATE_PER_APP.app_5</measType>
			<measType p="41">CDD_DeviceTriggering_SMS_MT_SUCCESSFUL_RATE_PER_SP.sp_0</measType>
			<measType p="42">CDD_DeviceTriggering_SMS_MT_TOTAL_REQUESTS_PER_APP.app_0</measType>
			<measType p="43">CDD_DeviceTriggering_SMS_MT_TOTAL_REQUESTS_PER_APP.app_1</measType>
			<measType p="44">CDD_DeviceTriggering_SMS_MT_TOTAL_REQUESTS_PER_APP.app_2</measType>
			<measType p="45">CDD_DeviceTriggering_SMS_MT_TOTAL_REQUESTS_PER_APP.app_3</measType>
			<measType p="46">CDD_DeviceTriggering_SMS_MT_TOTAL_REQUESTS_PER_APP.app_4</measType>
			<measType p="47">CDD_DeviceTriggering_SMS_MT_TOTAL_REQUESTS_PER_APP.app_5</measType>
			<measType p="48">CDD_DeviceTriggering_SMS_MT_TOTAL_REQUESTS_PER_SP.sp_0</measType>
			<measType p="49">CDD_DeviceTriggering_SMS_MT_TPS_PER_APP.app_0</measType>
			<measType p="50">CDD_DeviceTriggering_SMS_MT_TPS_PER_APP.app_1</measType>
			<measType p="51">CDD_DeviceTriggering_SMS_MT_TPS_PER_APP.app_2</measType>
			<measType p="52">CDD_DeviceTriggering_SMS_MT_TPS_PER_APP.app_3</measType>
			<measType p="53">CDD_DeviceTriggering_SMS_MT_TPS_PER_APP.app_4</measType>
			<measType p="54">CDD_DeviceTriggering_SMS_MT_TPS_PER_APP.app_5</measType>
			<measType p="55">CDD_DeviceTriggering_SMS_MT_TPS_PER_SP.sp_0</measType>
			<measValue measObjLdn="">
				<r p="0">3</r>
				<r p="1">26</r>
				<r p="2">85</r>
				<r p="3">30</r>
				<r p="4">34</r>
				<r p="5">29</r>
				<r p="6">86</r>
				<r p="7">38</r>
				<r p="8">43</r>
				<r p="9">69</r>
				<r p="10">66</r>
				<r p="11">79</r>
				<r p="12">77</r>
				<r p="13">10</r>
				<r p="14">7</r>
				<r p="15">95</r>
				<r p="16">97</r>
				<r p="17">16</r>
				<r p="18">29</r>
				<r p="19">27</r>
				<r p="20">24</r>
				<r p="21">47</r>
				<r p="22">88</r>
				<r p="23">80</r>
				<r p="24">2</r>
				<r p="25">68</r>
				<r p="26">25</r>
				<r p="27">34</r>
				<r p="28">73</r>
				<r p="29">60</r>
				<r p="30">90</r>
				<r p="31">43</r>
				<r p="32">14</r>
				<r p="33">86</r>
				<r p="34">64</r>
				<r p="35">76</r>
				<r p="36">80</r>
				<r p="37">83</r>
				<r p="38">41</r>
				<r p="39">97</r>
				<r p="40">31</r>
				<r p="41">50</r>
				<r p="42">5</r>
				<r p="43">95</r>
				<r p="44">64</r>
				<r p="45">22</r>
				<r p="46">95</r>
				<r p="47">58</r>
				<r p="48">0</r>
				<r p="49">14</r>
				<r p="50">66</r>
				<r p="51">34</r>
				<r p="52">91</r>
				<r p="53">51</r>
				<r p="54">52</r>
				<r p="55">98</r>
			</measValue>
		</measInfo>
	</measData>
	<fileFooter>
		<measCollec endTime="2023-11-19T10:15:00+02:00"/>
	</fileFooter>
</measCollecFile>