<?xml version="1.0" encoding="UTF-8"?>
<?xml-stylesheet type="text/xsl" href="MeasDataCollection.xsl"?>
<measCollecFile>
	<fileHeader fileFormatVersion="3GPP_PM_32.435_XML_v11.0.0">
		<fileSender/>
		<measCollec beginTime="2023-11-19T10:00:00+02:00"/>
	</fileHeader>
	<measData>
		<managedElement localDn="ZONE_ID=dc1"/>
<measInfo>
 			<job jobId="COMMON.ENTITY[SC][CDD.DeviceTriggering][dc1]18967_CDD.DeviceTriggering"/>
			<granPeriod duration="PT900S" endTime="2023-11-19T10:15:00+02:00"/>
			<repPeriod duration="PT900S"/>
			<measType p="0">CDD_DeviceTriggering_SMS_DRN_AVG_RESPONSE_TIME_PER_SC.CDD_DeviceTriggering</measType>
			<measType p="1">CDD_DeviceTriggering_SMS_DRN_SUCCESSFUL_RATE_PER_SC.CDD_DeviceTriggering</measType>
			<measType p="2">CDD_DeviceTriggering_SMS_DRN_TOTAL_REQUESTS_PER_SC.CDD_DeviceTriggering</measType>
			<measType p="3">CDD_DeviceTriggering_SMS_DRN_TPS_PER_SC.CDD_DeviceTriggering</measType>
			<measType p="4">CDD_DeviceTriggering_SMS_MT_AVG_RESPONSE_TIME_PER_SC.CDD_DeviceTriggering</measType>
			<measType p="5">CDD_DeviceTriggering_SMS_MT_SUCCESSFUL_RATE_PER_SC.CDD_DeviceTriggering</measType>
			<measType p="6">CDD_DeviceTriggering_SMS_MT_TOTAL_REQUESTS_PER_SC.CDD_DeviceTriggering</measType>
			<measType p="7">CDD_DeviceTriggering_SMS_MT_TPS_PER_SC.CDD_DeviceTriggering</measType>
			<measValue measObjLdn="">
				<r p="0">48</r>
				<r p="1">34</r>
				<r p="2">31</r>
				<r p="3">96</r>
				<r p="4">90</r>
				<r p="5">99</r>
				<r p="6">73</r>
				<r p="7">79</r>
			</measValue>
		</measInfo>
	</measData>
	<fileFooter>
		<measCollec endTime="2023-11-19T10:15:00+02:00"/>
	</fileFooter>
</measCollecFile>