<?xml version="1.0" encoding="UTF-8"?>
<?xml-stylesheet type="text/xsl" href="MeasDataCollection.xsl"?>
<measCollecFile>
	<fileHeader fileFormatVersion="3GPP_PM_32.435_XML_v11.0.0">
		<fileSender/>
		<measCollec beginTime="2023-11-19T10:00:00+02:00"/>
	</fileHeader>
	<measData>
		<managedElement localDn="ZONE_ID=dc1"/>
<measInfo>
 			<job jobId="COMMON.ENTITY[SP][sp.0][dc1]110344_SCEF.EventMonitor"/>
			<granPeriod duration="PT900S" endTime="2023-11-19T10:15:00+02:00"/>
			<repPeriod duration="PT900S"/>
			<measType p="0">SCEF_EventMonitor_MONTE_CONFIG_AVG_RESPONSE_TIME_PER_APP.app_0</measType>
			<measType p="1">SCEF_EventMonitor_MONTE_CONFIG_AVG_RESPONSE_TIME_PER_APP.app_1</measType>
			<measType p="2">SCEF_EventMonitor_MONTE_CONFIG_AVG_RESPONSE_TIME_PER_APP.app_2</measType>
			<measType p="3">SCEF_EventMonitor_MONTE_CONFIG_AVG_RESPONSE_TIME_PER_APP.app_3</measType>
			<measType p="4">SCEF_EventMonitor_MONTE_CONFIG_AVG_RESPONSE_TIME_PER_APP.app_4</measType>
			<measType p="5">SCEF_EventMonitor_MONTE_CONFIG_AVG_RESPONSE_TIME_PER_APP.app_5</measType>
			<measType p="6">SCEF_EventMonitor_MONTE_CONFIG_AVG_RESPONSE_TIME_PER_SP.sp_0</measType>
			<measType p="7">SCEF_EventMonitor_MONTE_CONFIG_SUCCESSFUL_RATE_PER_APP.app_0</measType>
			<measType p="8">SCEF_EventMonitor_MONTE_CONFIG_SUCCESSFUL_RATE_PER_APP.app_1</measType>
			<measType p="9">SCEF_EventMonitor_MONTE_CONFIG_SUCCESSFUL_RATE_PER_APP.app_2</measType>
			<measType p="10">SCEF_EventMonitor_MONTE_CONFIG_SUCCESSFUL_RATE_PER_APP.app_3</measType>
			<measType p="11">SCEF_EventMonitor_MONTE_CONFIG_SUCCESSFUL_RATE_PER_APP.app_4</measType>
			<measType p="12">SCEF_EventMonitor_MONTE_CONFIG_SUCCESSFUL_RATE_PER_APP.app_5</measType>
			<measType p="13">SCEF_EventMonitor_MONTE_CONFIG_SUCCESSFUL_RATE_PER_SP.sp_0</measType>
			<measType p="14">SCEF_EventMonitor_MONTE_CONFIG_TOTAL_REQUESTS_PER_APP.app_0</measType>
			<measType p="15">SCEF_EventMonitor_MONTE_CONFIG_TOTAL_REQUESTS_PER_APP.app_1</measType>
			<measType p="16">SCEF_EventMonitor_MONTE_CONFIG_TOTAL_REQUESTS_PER_APP.app_2</measType>
			<measType p="17">SCEF_EventMonitor_MONTE_CONFIG_TOTAL_REQUESTS_PER_APP.app_3</measType>
			<measType p="18">SCEF_EventMonitor_MONTE_CONFIG_TOTAL_REQUESTS_PER_APP.app_4</measType>
			<measType p="19">SCEF_EventMonitor_MONTE_CONFIG_TOTAL_REQUESTS_PER_APP.app_5</measType>
			<measType p="20">SCEF_EventMonitor_MONTE_CONFIG_TOTAL_REQUESTS_PER_SP.sp_0</measType>
			<measType p="21">SCEF_EventMonitor_MONTE_CONFIG_TPS_PER_APP.app_0</measType>
			<measType p="22">SCEF_EventMonitor_MONTE_CONFIG_TPS_PER_APP.app_1</measType>
			<measType p="23">SCEF_EventMonitor_MONTE_CONFIG_TPS_PER_APP.app_2</measType>
			<measType p="24">SCEF_EventMonitor_MONTE_CONFIG_TPS_PER_APP.app_3</measType>
			<measType p="25">SCEF_EventMonitor_MONTE_CONFIG_TPS_PER_APP.app_4</measType>
			<measType p="26">SCEF_EventMonitor_MONTE_CONFIG_TPS_PER_APP.app_5</measType>
			<measType p="27">SCEF_EventMonitor_MONTE_CONFIG_TPS_PER_SP.sp_0</measType>
			<measType p="28">SCEF_EventMonitor_MONTE_REPORT_AVG_RESPONSE_TIME_PER_APP.app_0</measType>
			<measType p="29">SCEF_EventMonitor_MONTE_REPORT_AVG_RESPONSE_TIME_PER_APP.app_1</measType>
			<measType p="30">SCEF_EventMonitor_MONTE_REPORT_AVG_RESPONSE_TIME_PER_APP.app_2</measType>
			<measType p="31">SCEF_EventMonitor_MONTE_REPORT_AVG_RESPONSE_TIME_PER_APP.app_3</measType>
			<measType p="32">SCEF_EventMonitor_MONTE_REPORT_AVG_RESPONSE_TIME_PER_APP.app_4</measType>
			<measType p="33">SCEF_EventMonitor_MONTE_REPORT_AVG_RESPONSE_TIME_PER_APP.app_5</measType>
			<measType p="34">SCEF_EventMonitor_MONTE_REPORT_AVG_RESPONSE_TIME_PER_SP.sp_0</measType>
			<measType p="35">SCEF_EventMonitor_MONTE_REPORT_SUCCESSFUL_RATE_PER_APP.app_0</measType>
			<measType p="36">SCEF_EventMonitor_MONTE_REPORT_SUCCESSFUL_RATE_PER_APP.app_1</measType>
			<measType p="37">SCEF_EventMonitor_MONTE_REPORT_SUCCESSFUL_RATE_PER_APP.app_2</measType>
			<measType p="38">SCEF_EventMonitor_MONTE_REPORT_SUCCESSFUL_RATE_PER_APP.app_3</measType>
			<measType p="39">SCEF_EventMonitor_MONTE_REPORT_SUCCESSFUL_RATE_PER_APP.app_4</measType>
			<measType p="40">SCEF_EventMonitor_MONTE_REPORT_SUCCESSFUL_RATE_PER_APP.app_5</measType>
			<measType p="41">SCEF_EventMonitor_MONTE_REPORT_SUCCESSFUL_RATE_PER_SP.sp_0</measType>
			<measType p="42">SCEF_EventMonitor_MONTE_REPORT_TOTAL_REQUESTS_PER_APP.app_0</measType>
			<measType p="43">SCEF_EventMonitor_MONTE_REPORT_TOTAL_REQUESTS_PER_APP.app_1</measType>
			<measType p="44">SCEF_EventMonitor_MONTE_REPORT_TOTAL_REQUESTS_PER_APP.app_2</measType>
			<measType p="45">SCEF_EventMonitor_MONTE_REPORT_TOTAL_REQUESTS_PER_APP.app_3</measType>
			<measType p="46">SCEF_EventMonitor_MONTE_REPORT_TOTAL_REQUESTS_PER_APP.app_4</measType>
			<measType p="47">SCEF_EventMonitor_MONTE_REPORT_TOTAL_REQUESTS_PER_APP.app_5</measType>
			<measType p="48">SCEF_EventMonitor_MONTE_REPORT_TOTAL_REQUESTS_PER_SP.sp_0</measType>
			<measType p="49">SCEF_EventMonitor_MONTE_REPORT_TPS_PER_APP.app_0</measType>
			<measType p="50">SCEF_EventMonitor_MONTE_REPORT_TPS_PER_APP.app_1</measType>
			<measType p="51">SCEF_EventMonitor_MONTE_REPORT_TPS_PER_APP.app_2</measType>
			<measType p="52">SCEF_EventMonitor_MONTE_REPORT_TPS_PER_APP.app_3</measType>
			<measType p="53">SCEF_EventMonitor_MONTE_REPORT_TPS_PER_APP.app_4</measType>
			<measType p="54">SCEF_EventMonitor_MONTE_REPORT_TPS_PER_APP.app_5</measType>
			<measType p="55">SCEF_EventMonitor_MONTE_REPORT_TPS_PER_SP.sp_0</measType>
			<measValue measObjLdn="">
				<r p="0">65</r>
				<r p="1">50</r>
				<r p="2">41</r>
				<r p="3">97</r>
				<r p="4">9</r>
				<r p="5">98</r>
				<r p="6">27</r>
				<r p="7">94</r>
				<r p="8">28</r>
				<r p="9">78</r>
				<r p="10">55</r>
				<r p="11">22</r>
				<r p="12">91</r>
				<r p="13">70</r>
				<r p="14">51</r>
				<r p="15">11</r>
				<r p="16">26</r>
				<r p="17">1</r>
				<r p="18">51</r>
				<r p="19">92</r>
				<r p="20">54</r>
				<r p="21">53</r>
				<r p="22">39</r>
				<r p="23">2</r>
				<r p="24">69</r>
				<r p="25">14</r>
				<r p="26">16</r>
				<r p="27">98</r>
				<r p="28">80</r>
				<r p="29">82</r>
				<r p="30">23</r>
				<r p="31">91</r>
				<r p="32">2</r>
				<r p="33">62</r>
				<r p="34">83</r>
				<r p="35">37</r>
				<r p="36">3</r>
				<r p="37">66</r>
				<r p="38">60</r>
				<r p="39">40</r>
				<r p="40">94</r>
				<r p="41">68</r>
				<r p="42">72</r>
				<r p="43">96</r>
				<r p="44">90</r>
				<r p="45">56</r>
				<r p="46">45</r>
				<r p="47">60</r>
				<r p="48">26</r>
				<r p="49">14</r>
				<r p="50">43</r>
				<r p="51">75</r>
				<r p="52">86</r>
				<r p="53">59</r>
				<r p="54">47</r>
				<r p="55">15</r>
			</measValue>
		</measInfo>
	</measData>
	<fileFooter>
		<measCollec endTime="2023-11-19T10:15:00+02:00"/>
	</fileFooter>
</measCollecFile>