<?xml version="1.0" encoding="UTF-8"?>
<?xml-stylesheet type="text/xsl" href="MeasDataCollection.xsl"?>
<measCollecFile>
	<fileHeader fileFormatVersion="3GPP_PM_32.435_XML_v11.0.0">
		<fileSender/>
		<measCollec beginTime="2023-11-19T10:00:00+02:00"/>
	</fileHeader>
	<measData>
		<managedElement localDn="ZONE_ID=dc1"/>
<measInfo>
 			<job jobId="COMMON.ENTITY[SC][SCEF.EventMonitor][dc1]68864_SCEF.EventMonitor"/>
			<granPeriod duration="PT900S" endTime="2023-11-19T10:15:00+02:00"/>
			<repPeriod duration="PT900S"/>
			<measType p="0">SCEF_EventMonitor_MONTE_CONFIG_AVG_RESPONSE_TIME_PER_SC.SCEF_EventMonitor</measType>
			<measType p="1">SCEF_EventMonitor_MONTE_CONFIG_SUCCESSFUL_RATE_PER_SC.SCEF_EventMonitor</measType>
			<measType p="2">SCEF_EventMonitor_MONTE_CONFIG_TOTAL_REQUESTS_PER_SC.SCEF_EventMonitor</measType>
			<measType p="3">SCEF_EventMonitor_MONTE_CONFIG_TPS_PER_SC.SCEF_EventMonitor</measType>
			<measType p="4">SCEF_EventMonitor_MONTE_REPORT_AVG_RESPONSE_TIME_PER_SC.SCEF_EventMonitor</measType>
			<measType p="5">SCEF_EventMonitor_MONTE_REPORT_SUCCESSFUL_RATE_PER_SC.SCEF_EventMonitor</measType>
			<measType p="6">SCEF_EventMonitor_MONTE_REPORT_TOTAL_REQUESTS_PER_SC.SCEF_EventMonitor</measType>
			<measType p="7">SCEF_EventMonitor_MONTE_REPORT_TPS_PER_SC.SCEF_EventMonitor</measType>
			<measValue measObjLdn="">
				<r p="0">26</r>
				<r p="1">55</r>
				<r p="2">54</r>
				<r p="3">80</r>
				<r p="4">0</r>
				<r p="5">83</r>
				<r p="6">88</r>
				<r p="7">27</r>
			</measValue>
		</measInfo>
	</measData>
	<fileFooter>
		<measCollec endTime="2023-11-19T10:15:00+02:00"/>
	</fileFooter>
</measCollecFile>