<?xml version="1.0" encoding="UTF-8"?>
<?xml-stylesheet type="text/xsl" href="MeasDataCollection.xsl"?>
<measCollecFile>
	<fileHeader fileFormatVersion="3GPP_PM_32.435_XML_v11.0.0">
		<fileSender/>
		<measCollec beginTime="2023-11-19T10:00:00+02:00"/>
	</fileHeader>
	<measData>
		<managedElement localDn="ZONE_ID=dc1"/>
<measInfo>
 			<job jobId="RADIUS.APPLICATION[PGW][pgw.0][dc1]90729_radius.service"/>
			<granPeriod duration="PT900S" endTime="2023-11-19T10:15:00+02:00"/>
			<repPeriod duration="PT900S"/>
			<measType p="0">radius-service_IPDD_CONN_AVG_RESPONSE_TIME_PER_PGW.0</measType>
			<measType p="1">radius-service_IPDD_CONN_SUCCESSFUL_RATE_PER_PGW.0</measType>
			<measType p="2">radius-service_IPDD_CONN_TOTAL_REQUESTS_PER_PGW.0</measType>
			<measType p="3">radius-service_IPDD_CONN_TPS_PER_PGW.0</measType>
			<measType p="4">radius-service_RADIUS_ACCOUNTING_AVG_RESPONSE_TIME_PER_PGW.0</measType>
			<measType p="5">radius-service_RADIUS_ACCOUNTING_SUCCESSFUL_RATE_PER_PGW.0</measType>
			<measType p="6">radius-service_RADIUS_ACCOUNTING_TOTAL_REQUESTS_PER_PGW.0</measType>
			<measType p="7">radius-service_RADIUS_ACCOUNTING_TPS_PER_PGW.0</measType>
			<measValue measObjLdn="">
				<r p="0">85</r>
				<r p="1">1</r>
				<r p="2">30</r>
				<r p="3">99</r>
				<r p="4">55</r>
				<r p="5">56</r>
				<r p="6">21</r>
				<r p="7">20</r>
			</measValue>
		</measInfo>
	</measData>
	<fileFooter>
		<measCollec endTime="2023-11-19T10:15:00+02:00"/>
	</fileFooter>
</measCollecFile>