<?xml version="1.0" encoding="UTF-8"?>
<?xml-stylesheet type="text/xsl" href="MeasDataCollection.xsl"?>
<measCollecFile>
	<fileHeader fileFormatVersion="3GPP_PM_32.435_XML_v11.0.0">
		<fileSender/>
		<measCollec beginTime="2023-11-19T10:00:00+02:00"/>
	</fileHeader>
	<measData>
		<managedElement localDn="ZONE_ID=dc1"/>
<measInfo>
 			<job jobId="COMMON.ENTITY[SP][sp.4][dc1]13359_CDD.MO.SMS"/>
			<granPeriod duration="PT900S" endTime="2023-11-19T10:15:00+02:00"/>
			<repPeriod duration="PT900S"/>
			<measType p="0">CDD_MO_SMS_SMS_OFR_AVG_RESPONSE_TIME_PER_APP.app_0</measType>
			<measType p="1">CDD_MO_SMS_SMS_OFR_AVG_RESPONSE_TIME_PER_APP.app_1</measType>
			<measType p="2">CDD_MO_SMS_SMS_OFR_AVG_RESPONSE_TIME_PER_APP.app_2</measType>
			<measType p="3">CDD_MO_SMS_SMS_OFR_AVG_RESPONSE_TIME_PER_APP.app_3</measType>
			<measType p="4">CDD_MO_SMS_SMS_OFR_AVG_RESPONSE_TIME_PER_APP.app_4</measType>
			<measType p="5">CDD_MO_SMS_SMS_OFR_AVG_RESPONSE_TIME_PER_APP.app_5</measType>
			<measType p="6">CDD_MO_SMS_SMS_OFR_AVG_RESPONSE_TIME_PER_SP.sp_4</measType>
			<measType p="7">CDD_MO_SMS_SMS_OFR_SUCCESSFUL_RATE_PER_APP.app_0</measType>
			<measType p="8">CDD_MO_SMS_SMS_OFR_SUCCESSFUL_RATE_PER_APP.app_1</measType>
			<measType p="9">CDD_MO_SMS_SMS_OFR_SUCCESSFUL_RATE_PER_APP.app_2</measType>
			<measType p="10">CDD_MO_SMS_SMS_OFR_SUCCESSFUL_RATE_PER_APP.app_3</measType>
			<measType p="11">CDD_MO_SMS_SMS_OFR_SUCCESSFUL_RATE_PER_APP.app_4</measType>
			<measType p="12">CDD_MO_SMS_SMS_OFR_SUCCESSFUL_RATE_PER_APP.app_5</measType>
			<measType p="13">CDD_MO_SMS_SMS_OFR_SUCCESSFUL_RATE_PER_SP.sp_4</measType>
			<measType p="14">CDD_MO_SMS_SMS_OFR_TOTAL_REQUESTS_PER_APP.app_0</measType>
			<measType p="15">CDD_MO_SMS_SMS_OFR_TOTAL_REQUESTS_PER_APP.app_1</measType>
			<measType p="16">CDD_MO_SMS_SMS_OFR_TOTAL_REQUESTS_PER_APP.app_2</measType>
			<measType p="17">CDD_MO_SMS_SMS_OFR_TOTAL_REQUESTS_PER_APP.app_3</measType>
			<measType p="18">CDD_MO_SMS_SMS_OFR_TOTAL_REQUESTS_PER_APP.app_4</measType>
			<measType p="19">CDD_MO_SMS_SMS_OFR_TOTAL_REQUESTS_PER_APP.app_5</measType>
			<measType p="20">CDD_MO_SMS_SMS_OFR_TOTAL_REQUESTS_PER_SP.sp_4</measType>
			<measType p="21">CDD_MO_SMS_SMS_OFR_TPS_PER_APP.app_0</measType>
			<measType p="22">CDD_MO_SMS_SMS_OFR_TPS_PER_APP.app_1</measType>
			<measType p="23">CDD_MO_SMS_SMS_OFR_TPS_PER_APP.app_2</measType>
			<measType p="24">CDD_MO_SMS_SMS_OFR_TPS_PER_APP.app_3</measType>
			<measType p="25">CDD_MO_SMS_SMS_OFR_TPS_PER_APP.app_4</measType>
			<measType p="26">CDD_MO_SMS_SMS_OFR_TPS_PER_APP.app_5</measType>
			<measType p="27">CDD_MO_SMS_SMS_OFR_TPS_PER_SP.sp_4</measType>
			<measValue measObjLdn="">
				<r p="0">64</r>
				<r p="1">99</r>
				<r p="2">69</r>
				<r p="3">22</r>
				<r p="4">55</r>
				<r p="5">24</r>
				<r p="6">30</r>
				<r p="7">99</r>
				<r p="8">8</r>
				<r p="9">41</r>
				<r p="10">64</r>
				<r p="11">46</r>
				<r p="12">33</r>
				<r p="13">81</r>
				<r p="14">17</r>
				<r p="15">88</r>
				<r p="16">26</r>
				<r p="17">58</r>
				<r p="18">73</r>
				<r p="19">30</r>
				<r p="20">72</r>
				<r p="21">2</r>
				<r p="22">71</r>
				<r p="23">1</r>
				<r p="24">57</r>
				<r p="25">44</r>
				<r p="26">16</r>
				<r p="27">46</r>
			</measValue>
		</measInfo>
	</measData>
	<fileFooter>
		<measCollec endTime="2023-11-19T10:15:00+02:00"/>
	</fileFooter>
</measCollecFile>