<?xml version="1.0" encoding="UTF-8"?>
<?xml-stylesheet type="text/xsl" href="MeasDataCollection.xsl"?>
<measCollecFile>
	<fileHeader fileFormatVersion="3GPP_PM_32.435_XML_v11.0.0">
		<fileSender/>
		<measCollec beginTime="2023-11-19T10:00:00+02:00"/>
	</fileHeader>
	<measData>
		<managedElement localDn="ZONE_ID=dc1"/>
<measInfo>
 			<job jobId="COMMON.ENTITY[SP][sp.0][dc1]81978_CDD.MO.SMS"/>
			<granPeriod duration="PT900S" endTime="2023-11-19T10:15:00+02:00"/>
			<repPeriod duration="PT900S"/>
			<measType p="0">CDD_MO_SMS_SMS_OFR_AVG_RESPONSE_TIME_PER_APP.app_0</measType>
			<measType p="1">CDD_MO_SMS_SMS_OFR_AVG_RESPONSE_TIME_PER_APP.app_1</measType>
			<measType p="2">CDD_MO_SMS_SMS_OFR_AVG_RESPONSE_TIME_PER_APP.app_2</measType>
			<measType p="3">CDD_MO_SMS_SMS_OFR_AVG_RESPONSE_TIME_PER_APP.app_3</measType>
			<measType p="4">CDD_MO_SMS_SMS_OFR_AVG_RESPONSE_TIME_PER_APP.app_4</measType>
			<measType p="5">CDD_MO_SMS_SMS_OFR_AVG_RESPONSE_TIME_PER_APP.app_5</measType>
			<measType p="6">CDD_MO_SMS_SMS_OFR_AVG_RESPONSE_TIME_PER_SP.sp_0</measType>
			<measType p="7">CDD_MO_SMS_SMS_OFR_SUCCESSFUL_RATE_PER_APP.app_0</measType>
			<measType p="8">CDD_MO_SMS_SMS_OFR_SUCCESSFUL_RATE_PER_APP.app_1</measType>
			<measType p="9">CDD_MO_SMS_SMS_OFR_SUCCESSFUL_RATE_PER_APP.app_2</measType>
			<measType p="10">CDD_MO_SMS_SMS_OFR_SUCCESSFUL_RATE_PER_APP.app_3</measType>
			<measType p="11">CDD_MO_SMS_SMS_OFR_SUCCESSFUL_RATE_PER_APP.app_4</measType>
			<measType p="12">CDD_MO_SMS_SMS_OFR_SUCCESSFUL_RATE_PER_APP.app_5</measType>
			<measType p="13">CDD_MO_SMS_SMS_OFR_SUCCESSFUL_RATE_PER_SP.sp_0</measType>
			<measType p="14">CDD_MO_SMS_SMS_OFR_TOTAL_REQUESTS_PER_APP.app_0</measType>
			<measType p="15">CDD_MO_SMS_SMS_OFR_TOTAL_REQUESTS_PER_APP.app_1</measType>
			<measType p="16">CDD_MO_SMS_SMS_OFR_TOTAL_REQUESTS_PER_APP.app_2</measType>
			<measType p="17">CDD_MO_SMS_SMS_OFR_TOTAL_REQUESTS_PER_APP.app_3</measType>
			<measType p="18">CDD_MO_SMS_SMS_OFR_TOTAL_REQUESTS_PER_APP.app_4</measType>
			<measType p="19">CDD_MO_SMS_SMS_OFR_TOTAL_REQUESTS_PER_APP.app_5</measType>
			<measType p="20">CDD_MO_SMS_SMS_OFR_TOTAL_REQUESTS_PER_SP.sp_0</measType>
			<measType p="21">CDD_MO_SMS_SMS_OFR_TPS_PER_APP.app_0</measType>
			<measType p="22">CDD_MO_SMS_SMS_OFR_TPS_PER_APP.app_1</measType>
			<measType p="23">CDD_MO_SMS_SMS_OFR_TPS_PER_APP.app_2</measType>
			<measType p="24">CDD_MO_SMS_SMS_OFR_TPS_PER_APP.app_3</measType>
			<measType p="25">CDD_MO_SMS_SMS_OFR_TPS_PER_APP.app_4</measType>
			<measType p="26">CDD_MO_SMS_SMS_OFR_TPS_PER_APP.app_5</measType>
			<measType p="27">CDD_MO_SMS_SMS_OFR_TPS_PER_SP.sp_0</measType>
			<measValue measObjLdn="">
				<r p="0">10</r>
				<r p="1">96</r>
				<r p="2">46</r>
				<r p="3">13</r>
				<r p="4">28</r>
				<r p="5">7</r>
				<r p="6">6</r>
				<r p="7">97</r>
				<r p="8">84</r>
				<r p="9">88</r>
				<r p="10">38</r>
				<r p="11">68</r>
				<r p="12">42</r>
				<r p="13">40</r>
				<r p="14">65</r>
				<r p="15">2</r>
				<r p="16">16</r>
				<r p="17">82</r>
				<r p="18">66</r>
				<r p="19">43</r>
				<r p="20">86</r>
				<r p="21">38</r>
				<r p="22">43</r>
				<r p="23">78</r>
				<r p="24">54</r>
				<r p="25">12</r>
				<r p="26">63</r>
				<r p="27">96</r>
			</measValue>
		</measInfo>
	</measData>
	<fileFooter>
		<measCollec endTime="2023-11-19T10:15:00+02:00"/>
	</fileFooter>
</measCollecFile>