<?xml version="1.0" encoding="UTF-8"?>
<?xml-stylesheet type="text/xsl" href="MeasDataCollection.xsl"?>
<measCollecFile>
	<fileHeader fileFormatVersion="3GPP_PM_32.435_XML_v11.0.0">
		<fileSender/>
		<measCollec beginTime="2023-11-19T10:00:00+02:00"/>
	</fileHeader>
	<measData>
		<managedElement localDn="ZONE_ID=dc1"/>
<measInfo>
 			<job jobId="COMMON.ENTITY[SP][sp.2][dc1]76762_CDD.MO.SMS"/>
			<granPeriod duration="PT900S" endTime="2023-11-19T10:15:00+02:00"/>
			<repPeriod duration="PT900S"/>
			<measType p="0">CDD_MO_SMS_SMS_OFR_AVG_RESPONSE_TIME_PER_APP.app_0</measType>
			<measType p="1">CDD_MO_SMS_SMS_OFR_AVG_RESPONSE_TIME_PER_APP.app_1</measType>
			<measType p="2">CDD_MO_SMS_SMS_OFR_AVG_RESPONSE_TIME_PER_APP.app_2</measType>
			<measType p="3">CDD_MO_SMS_SMS_OFR_AVG_RESPONSE_TIME_PER_APP.app_3</measType>
			<measType p="4">CDD_MO_SMS_SMS_OFR_AVG_RESPONSE_TIME_PER_APP.app_4</measType>
			<measType p="5">CDD_MO_SMS_SMS_OFR_AVG_RESPONSE_TIME_PER_APP.app_5</measType>
			<measType p="6">CDD_MO_SMS_SMS_OFR_AVG_RESPONSE_TIME_PER_SP.sp_2</measType>
			<measType p="7">CDD_MO_SMS_SMS_OFR_SUCCESSFUL_RATE_PER_APP.app_0</measType>
			<measType p="8">CDD_MO_SMS_SMS_OFR_SUCCESSFUL_RATE_PER_APP.app_1</measType>
			<measType p="9">CDD_MO_SMS_SMS_OFR_SUCCESSFUL_RATE_PER_APP.app_2</measType>
			<measType p="10">CDD_MO_SMS_SMS_OFR_SUCCESSFUL_RATE_PER_APP.app_3</measType>
			<measType p="11">CDD_MO_SMS_SMS_OFR_SUCCESSFUL_RATE_PER_APP.app_4</measType>
			<measType p="12">CDD_MO_SMS_SMS_OFR_SUCCESSFUL_RATE_PER_APP.app_5</measType>
			<measType p="13">CDD_MO_SMS_SMS_OFR_SUCCESSFUL_RATE_PER_SP.sp_2</measType>
			<measType p="14">CDD_MO_SMS_SMS_OFR_TOTAL_REQUESTS_PER_APP.app_0</measType>
			<measType p="15">CDD_MO_SMS_SMS_OFR_TOTAL_REQUESTS_PER_APP.app_1</measType>
			<measType p="16">CDD_MO_SMS_SMS_OFR_TOTAL_REQUESTS_PER_APP.app_2</measType>
			<measType p="17">CDD_MO_SMS_SMS_OFR_TOTAL_REQUESTS_PER_APP.app_3</measType>
			<measType p="18">CDD_MO_SMS_SMS_OFR_TOTAL_REQUESTS_PER_APP.app_4</measType>
			<measType p="19">CDD_MO_SMS_SMS_OFR_TOTAL_REQUESTS_PER_APP.app_5</measType>
			<measType p="20">CDD_MO_SMS_SMS_OFR_TOTAL_REQUESTS_PER_SP.sp_2</measType>
			<measType p="21">CDD_MO_SMS_SMS_OFR_TPS_PER_APP.app_0</measType>
			<measType p="22">CDD_MO_SMS_SMS_OFR_TPS_PER_APP.app_1</measType>
			<measType p="23">CDD_MO_SMS_SMS_OFR_TPS_PER_APP.app_2</measType>
			<measType p="24">CDD_MO_SMS_SMS_OFR_TPS_PER_APP.app_3</measType>
			<measType p="25">CDD_MO_SMS_SMS_OFR_TPS_PER_APP.app_4</measType>
			<measType p="26">CDD_MO_SMS_SMS_OFR_TPS_PER_APP.app_5</measType>
			<measType p="27">CDD_MO_SMS_SMS_OFR_TPS_PER_SP.sp_2</measType>
			<measValue measObjLdn="">
				<r p="0">42</r>
				<r p="1">15</r>
				<r p="2">35</r>
				<r p="3">97</r>
				<r p="4">19</r>
				<r p="5">47</r>
				<r p="6">62</r>
				<r p="7">99</r>
				<r p="8">1</r>
				<r p="9">60</r>
				<r p="10">54</r>
				<r p="11">76</r>
				<r p="12">51</r>
				<r p="13">21</r>
				<r p="14">7</r>
				<r p="15">84</r>
				<r p="16">65</r>
				<r p="17">76</r>
				<r p="18">96</r>
				<r p="19">85</r>
				<r p="20">4</r>
				<r p="21">37</r>
				<r p="22">34</r>
				<r p="23">15</r>
				<r p="24">17</r>
				<r p="25">34</r>
				<r p="26">58</r>
				<r p="27">28</r>
			</measValue>
		</measInfo>
	</measData>
	<fileFooter>
		<measCollec endTime="2023-11-19T10:15:00+02:00"/>
	</fileFooter>
</measCollecFile>