<?xml version="1.0" encoding="UTF-8"?>
<?xml-stylesheet type="text/xsl" href="MeasDataCollection.xsl"?>
<measCollecFile>
	<fileHeader fileFormatVersion="3GPP_PM_32.435_XML_v11.0.0">
		<fileSender/>
		<measCollec beginTime="2023-11-19T10:00:00+02:00"/>
	</fileHeader>
	<measData>
		<managedElement localDn="ZONE_ID=dc1"/>
<measInfo>
 			<job jobId="COMMON.ENTITY[SC][CDD.MO.SMS][dc1]14636_CDD.MO.SMS"/>
			<granPeriod duration="PT900S" endTime="2023-11-19T10:15:00+02:00"/>
			<repPeriod duration="PT900S"/>
			<measType p="0">CDD_MO_SMS_SMS_OFR_AVG_RESPONSE_TIME_PER_SC.CDD_MO_SMS</measType>
			<measType p="1">CDD_MO_SMS_SMS_OFR_SUCCESSFUL_RATE_PER_SC.CDD_MO_SMS</measType>
			<measType p="2">CDD_MO_SMS_SMS_OFR_TOTAL_REQUESTS_PER_SC.CDD_MO_SMS</measType>
			<measType p="3">CDD_MO_SMS_SMS_OFR_TPS_PER_SC.CDD_MO_SMS</measType>
			<measValue measObjLdn="">
				<r p="0">96</r>
				<r p="1">81</r>
				<r p="2">80</r>
				<r p="3">20</r>
			</measValue>
		</measInfo>
	</measData>
	<fileFooter>
		<measCollec endTime="2023-11-19T10:15:00+02:00"/>
	</fileFooter>
</measCollecFile>