<?xml version="1.0" encoding="UTF-8"?>
<?xml-stylesheet type="text/xsl" href="MeasDataCollection.xsl"?>
<measCollecFile>
	<fileHeader fileFormatVersion="3GPP_PM_32.435_XML_v11.0.0">
		<fileSender/>
		<measCollec beginTime="2023-11-19T10:00:00+02:00"/>
	</fileHeader>
	<measData>
		<managedElement localDn="ZONE_ID=dc1"/>
<measInfo>
 			<job jobId="COMMON.ENTITY[SC][SCEF.BDT][dc1]40295_SCEF.BDT"/>
			<granPeriod duration="PT900S" endTime="2023-11-19T10:15:00+02:00"/>
			<repPeriod duration="PT900S"/>
			<measType p="0">SCEF_BDT_BDT_AVG_RESPONSE_TIME_PER_SC.SCEF_BDT</measType>
			<measType p="1">SCEF_BDT_BDT_SUCCESSFUL_RATE_PER_SC.SCEF_BDT</measType>
			<measType p="2">SCEF_BDT_BDT_TOTAL_REQUESTS_PER_SC.SCEF_BDT</measType>
			<measType p="3">SCEF_BDT_BDT_TPS_PER_SC.SCEF_BDT</measType>
			<measValue measObjLdn="">
				<r p="0">15</r>
				<r p="1">77</r>
				<r p="2">5</r>
				<r p="3">99</r>
			</measValue>
		</measInfo>
	</measData>
	<fileFooter>
		<measCollec endTime="2023-11-19T10:15:00+02:00"/>
	</fileFooter>
</measCollecFile>