<?xml version="1.0" encoding="UTF-8"?>
<?xml-stylesheet type="text/xsl" href="MeasDataCollection.xsl"?>
<measCollecFile>
	<fileHeader fileFormatVersion="3GPP_PM_32.435_XML_v11.0.0">
		<fileSender/>
		<measCollec beginTime="2023-11-19T10:00:00+02:00"/>
	</fileHeader>
	<measData>
		<managedElement localDn="ZONE_ID=dc1"/>
<measInfo>
 			<job jobId="COMMON.ENTITY[SP][sp.0][dc1]97548_SCEF.DeviceTriggering"/>
			<granPeriod duration="PT900S" endTime="2023-11-19T10:15:00+02:00"/>
			<repPeriod duration="PT900S"/>
			<measType p="0">SCEF_DeviceTriggering_SMS_DRN_AVG_RESPONSE_TIME_PER_APP.app_0</measType>
			<measType p="1">SCEF_DeviceTriggering_SMS_DRN_AVG_RESPONSE_TIME_PER_APP.app_1</measType>
			<measType p="2">SCEF_DeviceTriggering_SMS_DRN_AVG_RESPONSE_TIME_PER_APP.app_2</measType>
			<measType p="3">SCEF_DeviceTriggering_SMS_DRN_AVG_RESPONSE_TIME_PER_APP.app_3</measType>
			<measType p="4">SCEF_DeviceTriggering_SMS_DRN_AVG_RESPONSE_TIME_PER_APP.app_4</measType>
			<measType p="5">SCEF_DeviceTriggering_SMS_DRN_AVG_RESPONSE_TIME_PER_APP.app_5</measType>
			<measType p="6">SCEF_DeviceTriggering_SMS_DRN_AVG_RESPONSE_TIME_PER_SP.sp_0</measType>
			<measType p="7">SCEF_DeviceTriggering_SMS_DRN_SUCCESSFUL_RATE_PER_APP.app_0</measType>
			<measType p="8">SCEF_DeviceTriggering_SMS_DRN_SUCCESSFUL_RATE_PER_APP.app_1</measType>
			<measType p="9">SCEF_DeviceTriggering_SMS_DRN_SUCCESSFUL_RATE_PER_APP.app_2</measType>
			<measType p="10">SCEF_DeviceTriggering_SMS_DRN_SUCCESSFUL_RATE_PER_APP.app_3</measType>
			<measType p="11">SCEF_DeviceTriggering_SMS_DRN_SUCCESSFUL_RATE_PER_APP.app_4</measType>
			<measType p="12">SCEF_DeviceTriggering_SMS_DRN_SUCCESSFUL_RATE_PER_APP.app_5</measType>
			<measType p="13">SCEF_DeviceTriggering_SMS_DRN_SUCCESSFUL_RATE_PER_SP.sp_0</measType>
			<measType p="14">SCEF_DeviceTriggering_SMS_DRN_TOTAL_REQUESTS_PER_APP.app_0</measType>
			<measType p="15">SCEF_DeviceTriggering_SMS_DRN_TOTAL_REQUESTS_PER_APP.app_1</measType>
			<measType p="16">SCEF_DeviceTriggering_SMS_DRN_TOTAL_REQUESTS_PER_APP.app_2</measType>
			<measType p="17">SCEF_DeviceTriggering_SMS_DRN_TOTAL_REQUESTS_PER_APP.app_3</measType>
			<measType p="18">SCEF_DeviceTriggering_SMS_DRN_TOTAL_REQUESTS_PER_APP.app_4</measType>
			<measType p="19">SCEF_DeviceTriggering_SMS_DRN_TOTAL_REQUESTS_PER_APP.app_5</measType>
			<measType p="20">SCEF_DeviceTriggering_SMS_DRN_TOTAL_REQUESTS_PER_SP.sp_0</measType>
			<measType p="21">SCEF_DeviceTriggering_SMS_DRN_TPS_PER_APP.app_0</measType>
			<measType p="22">SCEF_DeviceTriggering_SMS_DRN_TPS_PER_APP.app_1</measType>
			<measType p="23">SCEF_DeviceTriggering_SMS_DRN_TPS_PER_APP.app_2</measType>
			<measType p="24">SCEF_DeviceTriggering_SMS_DRN_TPS_PER_APP.app_3</measType>
			<measType p="25">SCEF_DeviceTriggering_SMS_DRN_TPS_PER_APP.app_4</measType>
			<measType p="26">SCEF_DeviceTriggering_SMS_DRN_TPS_PER_APP.app_5</measType>
			<measType p="27">SCEF_DeviceTriggering_SMS_DRN_TPS_PER_SP.sp_0</measType>
			<measType p="28">SCEF_DeviceTriggering_SMS_MT_AVG_RESPONSE_TIME_PER_APP.app_0</measType>
			<measType p="29">SCEF_DeviceTriggering_SMS_MT_AVG_RESPONSE_TIME_PER_APP.app_1</measType>
			<measType p="30">SCEF_DeviceTriggering_SMS_MT_AVG_RESPONSE_TIME_PER_APP.app_2</measType>
			<measType p="31">SCEF_DeviceTriggering_SMS_MT_AVG_RESPONSE_TIME_PER_APP.app_3</measType>
			<measType p="32">SCEF_DeviceTriggering_SMS_MT_AVG_RESPONSE_TIME_PER_APP.app_4</measType>
			<measType p="33">SCEF_DeviceTriggering_SMS_MT_AVG_RESPONSE_TIME_PER_APP.app_5</measType>
			<measType p="34">SCEF_DeviceTriggering_SMS_MT_AVG_RESPONSE_TIME_PER_SP.sp_0</measType>
			<measType p="35">SCEF_DeviceTriggering_SMS_MT_SUCCESSFUL_RATE_PER_APP.app_0</measType>
			<measType p="36">SCEF_DeviceTriggering_SMS_MT_SUCCESSFUL_RATE_PER_APP.app_1</measType>
			<measType p="37">SCEF_DeviceTriggering_SMS_MT_SUCCESSFUL_RATE_PER_APP.app_2</measType>
			<measType p="38">SCEF_DeviceTriggering_SMS_MT_SUCCESSFUL_RATE_PER_APP.app_3</measType>
			<measType p="39">SCEF_DeviceTriggering_SMS_MT_SUCCESSFUL_RATE_PER_APP.app_4</measType>
			<measType p="40">SCEF_DeviceTriggering_SMS_MT_SUCCESSFUL_RATE_PER_APP.app_5</measType>
			<measType p="41">SCEF_DeviceTriggering_SMS_MT_SUCCESSFUL_RATE_PER_SP.sp_0</measType>
			<measType p="42">SCEF_DeviceTriggering_SMS_MT_TOTAL_REQUESTS_PER_APP.app_0</measType>
			<measType p="43">SCEF_DeviceTriggering_SMS_MT_TOTAL_REQUESTS_PER_APP.app_1</measType>
			<measType p="44">SCEF_DeviceTriggering_SMS_MT_TOTAL_REQUESTS_PER_APP.app_2</measType>
			<measType p="45">SCEF_DeviceTriggering_SMS_MT_TOTAL_REQUESTS_PER_APP.app_3</measType>
			<measType p="46">SCEF_DeviceTriggering_SMS_MT_TOTAL_REQUESTS_PER_APP.app_4</measType>
			<measType p="47">SCEF_DeviceTriggering_SMS_MT_TOTAL_REQUESTS_PER_APP.app_5</measType>
			<measType p="48">SCEF_DeviceTriggering_SMS_MT_TOTAL_REQUESTS_PER_SP.sp_0</measType>
			<measType p="49">SCEF_DeviceTriggering_SMS_MT_TPS_PER_APP.app_0</measType>
			<measType p="50">SCEF_DeviceTriggering_SMS_MT_TPS_PER_APP.app_1</measType>
			<measType p="51">SCEF_DeviceTriggering_SMS_MT_TPS_PER_APP.app_2</measType>
			<measType p="52">SCEF_DeviceTriggering_SMS_MT_TPS_PER_APP.app_3</measType>
			<measType p="53">SCEF_DeviceTriggering_SMS_MT_TPS_PER_APP.app_4</measType>
			<measType p="54">SCEF_DeviceTriggering_SMS_MT_TPS_PER_APP.app_5</measType>
			<measType p="55">SCEF_DeviceTriggering_SMS_MT_TPS_PER_SP.sp_0</measType>
			<measValue measObjLdn="">
				<r p="0">40</r>
				<r p="1">10</r>
				<r p="2">52</r>
				<r p="3">7</r>
				<r p="4">91</r>
				<r p="5">70</r>
				<r p="6">78</r>
				<r p="7">48</r>
				<r p="8">21</r>
				<r p="9">28</r>
				<r p="10">30</r>
				<r p="11">32</r>
				<r p="12">64</r>
				<r p="13">66</r>
				<r p="14">45</r>
				<r p="15">24</r>
				<r p="16">45</r>
				<r p="17">59</r>
				<r p="18">86</r>
				<r p="19">38</r>
				<r p="20">86</r>
				<r p="21">89</r>
				<r p="22">98</r>
				<r p="23">19</r>
				<r p="24">32</r>
				<r p="25">99</r>
				<r p="26">0</r>
				<r p="27">64</r>
				<r p="28">22</r>
				<r p="29">16</r>
				<r p="30">65</r>
				<r p="31">27</r>
				<r p="32">75</r>
				<r p="33">71</r>
				<r p="34">65</r>
				<r p="35">96</r>
				<r p="36">98</r>
				<r p="37">57</r>
				<r p="38">12</r>
				<r p="39">1</r>
				<r p="40">6</r>
				<r p="41">62</r>
				<r p="42">28</r>
				<r p="43">34</r>
				<r p="44">59</r>
				<r p="45">47</r>
				<r p="46">88</r>
				<r p="47">96</r>
				<r p="48">19</r>
				<r p="49">95</r>
				<r p="50">51</r>
				<r p="51">31</r>
				<r p="52">62</r>
				<r p="53">72</r>
				<r p="54">7</r>
				<r p="55">43</r>
			</measValue>
		</measInfo>
	</measData>
	<fileFooter>
		<measCollec endTime="2023-11-19T10:15:00+02:00"/>
	</fileFooter>
</measCollecFile>