<?xml version="1.0" encoding="UTF-8"?>
<?xml-stylesheet type="text/xsl" href="MeasDataCollection.xsl"?>
<measCollecFile>
	<fileHeader fileFormatVersion="3GPP_PM_32.435_XML_v11.0.0">
		<fileSender/>
		<measCollec beginTime="2023-11-19T10:00:00+02:00"/>
	</fileHeader>
	<measData>
		<managedElement localDn="ZONE_ID=dc1"/>
<measInfo>
 			<job jobId="COMMON.ENTITY[SP][sp.1][dc1]30760_SCEF.DeviceTriggering"/>
			<granPeriod duration="PT900S" endTime="2023-11-19T10:15:00+02:00"/>
			<repPeriod duration="PT900S"/>
			<measType p="0">SCEF_DeviceTriggering_SMS_DRN_AVG_RESPONSE_TIME_PER_APP.app_0</measType>
			<measType p="1">SCEF_DeviceTriggering_SMS_DRN_AVG_RESPONSE_TIME_PER_APP.app_1</measType>
			<measType p="2">SCEF_DeviceTriggering_SMS_DRN_AVG_RESPONSE_TIME_PER_APP.app_2</measType>
			<measType p="3">SCEF_DeviceTriggering_SMS_DRN_AVG_RESPONSE_TIME_PER_APP.app_3</measType>
			<measType p="4">SCEF_DeviceTriggering_SMS_DRN_AVG_RESPONSE_TIME_PER_APP.app_4</measType>
			<measType p="5">SCEF_DeviceTriggering_SMS_DRN_AVG_RESPONSE_TIME_PER_APP.app_5</measType>
			<measType p="6">SCEF_DeviceTriggering_SMS_DRN_AVG_RESPONSE_TIME_PER_SP.sp_1</measType>
			<measType p="7">SCEF_DeviceTriggering_SMS_DRN_SUCCESSFUL_RATE_PER_APP.app_0</measType>
			<measType p="8">SCEF_DeviceTriggering_SMS_DRN_SUCCESSFUL_RATE_PER_APP.app_1</measType>
			<measType p="9">SCEF_DeviceTriggering_SMS_DRN_SUCCESSFUL_RATE_PER_APP.app_2</measType>
			<measType p="10">SCEF_DeviceTriggering_SMS_DRN_SUCCESSFUL_RATE_PER_APP.app_3</measType>
			<measType p="11">SCEF_DeviceTriggering_SMS_DRN_SUCCESSFUL_RATE_PER_APP.app_4</measType>
			<measType p="12">SCEF_DeviceTriggering_SMS_DRN_SUCCESSFUL_RATE_PER_APP.app_5</measType>
			<measType p="13">SCEF_DeviceTriggering_SMS_DRN_SUCCESSFUL_RATE_PER_SP.sp_1</measType>
			<measType p="14">SCEF_DeviceTriggering_SMS_DRN_TOTAL_REQUESTS_PER_APP.app_0</measType>
			<measType p="15">SCEF_DeviceTriggering_SMS_DRN_TOTAL_REQUESTS_PER_APP.app_1</measType>
			<measType p="16">SCEF_DeviceTriggering_SMS_DRN_TOTAL_REQUESTS_PER_APP.app_2</measType>
			<measType p="17">SCEF_DeviceTriggering_SMS_DRN_TOTAL_REQUESTS_PER_APP.app_3</measType>
			<measType p="18">SCEF_DeviceTriggering_SMS_DRN_TOTAL_REQUESTS_PER_APP.app_4</measType>
			<measType p="19">SCEF_DeviceTriggering_SMS_DRN_TOTAL_REQUESTS_PER_APP.app_5</measType>
			<measType p="20">SCEF_DeviceTriggering_SMS_DRN_TOTAL_REQUESTS_PER_SP.sp_1</measType>
			<measType p="21">SCEF_DeviceTriggering_SMS_DRN_TPS_PER_APP.app_0</measType>
			<measType p="22">SCEF_DeviceTriggering_SMS_DRN_TPS_PER_APP.app_1</measType>
			<measType p="23">SCEF_DeviceTriggering_SMS_DRN_TPS_PER_APP.app_2</measType>
			<measType p="24">SCEF_DeviceTriggering_SMS_DRN_TPS_PER_APP.app_3</measType>
			<measType p="25">SCEF_DeviceTriggering_SMS_DRN_TPS_PER_APP.app_4</measType>
			<measType p="26">SCEF_DeviceTriggering_SMS_DRN_TPS_PER_APP.app_5</measType>
			<measType p="27">SCEF_DeviceTriggering_SMS_DRN_TPS_PER_SP.sp_1</measType>
			<measType p="28">SCEF_DeviceTriggering_SMS_MT_AVG_RESPONSE_TIME_PER_APP.app_0</measType>
			<measType p="29">SCEF_DeviceTriggering_SMS_MT_AVG_RESPONSE_TIME_PER_APP.app_1</measType>
			<measType p="30">SCEF_DeviceTriggering_SMS_MT_AVG_RESPONSE_TIME_PER_APP.app_2</measType>
			<measType p="31">SCEF_DeviceTriggering_SMS_MT_AVG_RESPONSE_TIME_PER_APP.app_3</measType>
			<measType p="32">SCEF_DeviceTriggering_SMS_MT_AVG_RESPONSE_TIME_PER_APP.app_4</measType>
			<measType p="33">SCEF_DeviceTriggering_SMS_MT_AVG_RESPONSE_TIME_PER_APP.app_5</measType>
			<measType p="34">SCEF_DeviceTriggering_SMS_MT_AVG_RESPONSE_TIME_PER_SP.sp_1</measType>
			<measType p="35">SCEF_DeviceTriggering_SMS_MT_SUCCESSFUL_RATE_PER_APP.app_0</measType>
			<measType p="36">SCEF_DeviceTriggering_SMS_MT_SUCCESSFUL_RATE_PER_APP.app_1</measType>
			<measType p="37">SCEF_DeviceTriggering_SMS_MT_SUCCESSFUL_RATE_PER_APP.app_2</measType>
			<measType p="38">SCEF_DeviceTriggering_SMS_MT_SUCCESSFUL_RATE_PER_APP.app_3</measType>
			<measType p="39">SCEF_DeviceTriggering_SMS_MT_SUCCESSFUL_RATE_PER_APP.app_4</measType>
			<measType p="40">SCEF_DeviceTriggering_SMS_MT_SUCCESSFUL_RATE_PER_APP.app_5</measType>
			<measType p="41">SCEF_DeviceTriggering_SMS_MT_SUCCESSFUL_RATE_PER_SP.sp_1</measType>
			<measType p="42">SCEF_DeviceTriggering_SMS_MT_TOTAL_REQUESTS_PER_APP.app_0</measType>
			<measType p="43">SCEF_DeviceTriggering_SMS_MT_TOTAL_REQUESTS_PER_APP.app_1</measType>
			<measType p="44">SCEF_DeviceTriggering_SMS_MT_TOTAL_REQUESTS_PER_APP.app_2</measType>
			<measType p="45">SCEF_DeviceTriggering_SMS_MT_TOTAL_REQUESTS_PER_APP.app_3</measType>
			<measType p="46">SCEF_DeviceTriggering_SMS_MT_TOTAL_REQUESTS_PER_APP.app_4</measType>
			<measType p="47">SCEF_DeviceTriggering_SMS_MT_TOTAL_REQUESTS_PER_APP.app_5</measType>
			<measType p="48">SCEF_DeviceTriggering_SMS_MT_TOTAL_REQUESTS_PER_SP.sp_1</measType>
			<measType p="49">SCEF_DeviceTriggering_SMS_MT_TPS_PER_APP.app_0</measType>
			<measType p="50">SCEF_DeviceTriggering_SMS_MT_TPS_PER_APP.app_1</measType>
			<measType p="51">SCEF_DeviceTriggering_SMS_MT_TPS_PER_APP.app_2</measType>
			<measType p="52">SCEF_DeviceTriggering_SMS_MT_TPS_PER_APP.app_3</measType>
			<measType p="53">SCEF_DeviceTriggering_SMS_MT_TPS_PER_APP.app_4</measType>
			<measType p="54">SCEF_DeviceTriggering_SMS_MT_TPS_PER_APP.app_5</measType>
			<measType p="55">SCEF_DeviceTriggering_SMS_MT_TPS_PER_SP.sp_1</measType>
			<measValue measObjLdn="">
				<r p="0">56</r>
				<r p="1">23</r>
				<r p="2">85</r>
				<r p="3">41</r>
				<r p="4">98</r>
				<r p="5">11</r>
				<r p="6">54</r>
				<r p="7">3</r>
				<r p="8">43</r>
				<r p="9">46</r>
				<r p="10">57</r>
				<r p="11">17</r>
				<r p="12">58</r>
				<r p="13">97</r>
				<r p="14">66</r>
				<r p="15">63</r>
				<r p="16">17</r>
				<r p="17">57</r>
				<r p="18">14</r>
				<r p="19">54</r>
				<r p="20">85</r>
				<r p="21">46</r>
				<r p="22">14</r>
				<r p="23">67</r>
				<r p="24">3</r>
				<r p="25">81</r>
				<r p="26">94</r>
				<r p="27">62</r>
				<r p="28">88</r>
				<r p="29">93</r>
				<r p="30">76</r>
				<r p="31">97</r>
				<r p="32">16</r>
				<r p="33">71</r>
				<r p="34">1</r>
				<r p="35">16</r>
				<r p="36">13</r>
				<r p="37">47</r>
				<r p="38">91</r>
				<r p="39">45</r>
				<r p="40">95</r>
				<r p="41">61</r>
				<r p="42">0</r>
				<r p="43">21</r>
				<r p="44">78</r>
				<r p="45">49</r>
				<r p="46">34</r>
				<r p="47">47</r>
				<r p="48">8</r>
				<r p="49">91</r>
				<r p="50">72</r>
				<r p="51">77</r>
				<r p="52">31</r>
				<r p="53">80</r>
				<r p="54">45</r>
				<r p="55">60</r>
			</measValue>
		</measInfo>
	</measData>
	<fileFooter>
		<measCollec endTime="2023-11-19T10:15:00+02:00"/>
	</fileFooter>
</measCollecFile>