<?xml version="1.0" encoding="UTF-8"?>
<?xml-stylesheet type="text/xsl" href="MeasDataCollection.xsl"?>
<measCollecFile>
	<fileHeader fileFormatVersion="3GPP_PM_32.435_XML_v11.0.0">
		<fileSender/>
		<measCollec beginTime="2023-11-19T10:00:00+02:00"/>
	</fileHeader>
	<measData>
		<managedElement localDn="ZONE_ID=dc1"/>
<measInfo>
 			<job jobId="RDS[RDS][rds][dc1]14772_SCEF.NIDD"/>
			<granPeriod duration="PT900S" endTime="2023-11-19T10:15:00+02:00"/>
			<repPeriod duration="PT900S"/>
			<measType p="0">SCEF_NIDD_tx.iframe_TOTAL_REQUESTS_PER_RDS.rds</measType>
			<measType p="1">SCEF_NIDD_tx.uframe.set_parameters_command_TOTAL_REQUESTS_PER_RDS.rds</measType>
			<measType p="2">SCEF_NIDD_discarded.iframe_TOTAL_REQUESTS_PER_RDS.rds</measType>
			<measType p="3">SCEF_NIDD_rx.uframe.error_command_TOTAL_REQUESTS_PER_RDS.rds</measType>
			<measType p="4">SCEF_NIDD_tx.uframe.error_response_TOTAL_REQUESTS_PER_RDS.rds</measType>
			<measType p="5">SCEF_NIDD_tx.uiframe_TOTAL_REQUESTS_PER_RDS.rds</measType>
			<measType p="6">SCEF_NIDD_rx.uiframe_TOTAL_REQUESTS_PER_RDS.rds</measType>
			<measType p="7">SCEF_NIDD_rx.iframe_TOTAL_REQUESTS_PER_RDS.rds</measType>
			<measType p="8">SCEF_NIDD_rx.uframe.accept_TOTAL_REQUESTS_PER_RDS.rds</measType>
			<measType p="9">SCEF_NIDD_tx.uframe.error_command_TOTAL_REQUESTS_PER_RDS.rds</measType>
			<measType p="10">SCEF_NIDD_rx.uframe.set_ack_mode_TOTAL_REQUESTS_PER_RDS.rds</measType>
			<measType p="11">SCEF_NIDD_rx.uframe.set_parameters_response_TOTAL_REQUESTS_PER_RDS.rds</measType>
			<measType p="12">SCEF_NIDD_rx.uframe.disconnect_TOTAL_REQUESTS_PER_RDS.rds</measType>
			<measType p="13">SCEF_NIDD_tx.uframe.accept_TOTAL_REQUESTS_PER_RDS.rds</measType>
			<measType p="14">SCEF_NIDD_tx.uframe.disconnect_TOTAL_REQUESTS_PER_RDS.rds</measType>
			<measType p="15">SCEF_NIDD_tx.uframe.set_ack_mode_TOTAL_REQUESTS_PER_RDS.rds</measType>
			<measType p="16">SCEF_NIDD_rx.sframe_TOTAL_REQUESTS_PER_RDS.rds</measType>
			<measType p="17">SCEF_NIDD_discarded.uiframe_TOTAL_REQUESTS_PER_RDS.rds</measType>
			<measType p="18">SCEF_NIDD_tx.sframe_TOTAL_REQUESTS_PER_RDS.rds</measType>
			<measType p="19">SCEF_NIDD_rx.uframe.error_response_TOTAL_REQUESTS_PER_RDS.rds</measType>
			<measType p="20">SCEF_NIDD_tx.uframe.set_parameters_response_TOTAL_REQUESTS_PER_RDS.rds</measType>
			<measType p="21">SCEF_NIDD_rx.invalidframe_TOTAL_REQUESTS_PER_RDS.rds</measType>
			<measType p="22">SCEF_NIDD_rx.uframe.set_parameters_command_TOTAL_REQUESTS_PER_RDS.rds</measType>
			<measValue measObjLdn="">
				<r p="0">2</r>
				<r p="1">96</r>
				<r p="2">90</r>
				<r p="3">96</r>
				<r p="4">68</r>
				<r p="5">89</r>
				<r p="6">95</r>
				<r p="7">84</r>
				<r p="8">76</r>
				<r p="9">24</r>
				<r p="10">9</r>
				<r p="11">66</r>
				<r p="12">64</r>
				<r p="13">88</r>
				<r p="14">63</r>
				<r p="15">21</r>
				<r p="16">83</r>
				<r p="17">58</r>
				<r p="18">69</r>
				<r p="19">96</r>
				<r p="20">19</r>
				<r p="21">58</r>
				<r p="22">40</r>
			</measValue>
		</measInfo>
	</measData>
	<fileFooter>
		<measCollec endTime="2023-11-19T10:15:00+02:00"/>
	</fileFooter>
</measCollecFile>